PAC_F3_Theta-Low_Gamma,PAC_F3_Theta-High_Gamma,PAC_F3_Low_Alpha-Low_Gamma,PAC_F3_High_Alpha-High_Gamma,PAC_F3_Low_Beta-Low_Gamma,PAC_F3_High_Beta-High_Gamma,PAC_F4_Theta-Low_Gamma,PAC_F4_Theta-High_Gamma,PAC_F4_Low_Alpha-Low_Gamma,PAC_F4_High_Alpha-High_Gamma,PAC_F4_Low_Beta-Low_Gamma,PAC_F4_High_Beta-High_Gamma,PAC_C3_Theta-Low_Gamma,PAC_C3_Theta-High_Gamma,PAC_C3_Low_Alpha-Low_Gamma,PAC_C3_High_Alpha-High_Gamma,PAC_C3_Low_Beta-Low_Gamma,PAC_C3_High_Beta-High_Gamma,PAC_C4_Theta-Low_Gamma,PAC_C4_Theta-High_Gamma,PAC_C4_Low_Alpha-Low_Gamma,PAC_C4_High_Alpha-High_Gamma,PAC_C4_Low_Beta-Low_Gamma,PAC_C4_High_Beta-High_Gamma,PAC_P3_Theta-Low_Gamma,PAC_P3_Theta-High_Gamma,PAC_P3_Low_Alpha-Low_Gamma,PAC_P3_High_Alpha-High_Gamma,PAC_P3_Low_Beta-Low_Gamma,PAC_P3_High_Beta-High_Gamma,PAC_P4_Theta-Low_Gamma,PAC_P4_Theta-High_Gamma,PAC_P4_Low_Alpha-Low_Gamma,PAC_P4_High_Alpha-High_Gamma,PAC_P4_Low_Beta-Low_Gamma,PAC_P4_High_Beta-High_Gamma,PAC_O1_Theta-Low_Gamma,PAC_O1_Theta-High_Gamma,PAC_O1_Low_Alpha-Low_Gamma,PAC_O1_High_Alpha-High_Gamma,PAC_O1_Low_Beta-Low_Gamma,PAC_O1_High_Beta-High_Gamma,PAC_O2_Theta-Low_Gamma,PAC_O2_Theta-High_Gamma,PAC_O2_Low_Alpha-Low_Gamma,PAC_O2_High_Alpha-High_Gamma,PAC_O2_Low_Beta-Low_Gamma,PAC_O2_High_Beta-High_Gamma,PAC_F7_Theta-Low_Gamma,PAC_F7_Theta-High_Gamma,PAC_F7_Low_Alpha-Low_Gamma,PAC_F7_High_Alpha-High_Gamma,PAC_F7_Low_Beta-Low_Gamma,PAC_F7_High_Beta-High_Gamma,PAC_F8_Theta-Low_Gamma,PAC_F8_Theta-High_Gamma,PAC_F8_Low_Alpha-Low_Gamma,PAC_F8_High_Alpha-High_Gamma,PAC_F8_Low_Beta-Low_Gamma,PAC_F8_High_Beta-High_Gamma,PAC_T7_Theta-Low_Gamma,PAC_T7_Theta-High_Gamma,PAC_T7_Low_Alpha-Low_Gamma,PAC_T7_High_Alpha-High_Gamma,PAC_T7_Low_Beta-Low_Gamma,PAC_T7_High_Beta-High_Gamma,PAC_T8_Theta-Low_Gamma,PAC_T8_Theta-High_Gamma,PAC_T8_Low_Alpha-Low_Gamma,PAC_T8_High_Alpha-High_Gamma,PAC_T8_Low_Beta-Low_Gamma,PAC_T8_High_Beta-High_Gamma,PAC_P7_Theta-Low_Gamma,PAC_P7_Theta-High_Gamma,PAC_P7_Low_Alpha-Low_Gamma,PAC_P7_High_Alpha-High_Gamma,PAC_P7_Low_Beta-Low_Gamma,PAC_P7_High_Beta-High_Gamma,PAC_P8_Theta-Low_Gamma,PAC_P8_Theta-High_Gamma,PAC_P8_Low_Alpha-Low_Gamma,PAC_P8_High_Alpha-High_Gamma,PAC_P8_Low_Beta-Low_Gamma,PAC_P8_High_Beta-High_Gamma,PAC_Fz_Theta-Low_Gamma,PAC_Fz_Theta-High_Gamma,PAC_Fz_Low_Alpha-Low_Gamma,PAC_Fz_High_Alpha-High_Gamma,PAC_Fz_Low_Beta-Low_Gamma,PAC_Fz_High_Beta-High_Gamma,PAC_Cz_Theta-Low_Gamma,PAC_Cz_Theta-High_Gamma,PAC_Cz_Low_Alpha-Low_Gamma,PAC_Cz_High_Alpha-High_Gamma,PAC_Cz_Low_Beta-Low_Gamma,PAC_Cz_High_Beta-High_Gamma,PAC_Pz_Theta-Low_Gamma,PAC_Pz_Theta-High_Gamma,PAC_Pz_Low_Alpha-Low_Gamma,PAC_Pz_High_Alpha-High_Gamma,PAC_Pz_Low_Beta-Low_Gamma,PAC_Pz_High_Beta-High_Gamma,patient_id,pain_score
0.002613770623967434,0.0024195493576207525,0.0015067662074101842,0.001003999893930464,0.0005461747696462482,0.0015511237918020527,0.002699382454816388,0.002217122799120004,0.0012769248705958847,0.0011918518781608761,0.0005928073468338331,0.0014464308973762764,0.0023849175933928026,0.002204809128899704,0.0015254509586233311,0.0011230068021662314,0.0006087489868745896,0.0014493305057102519,0.002364897205707872,0.0019071860447561289,0.0015659039481624203,0.0012535380578851036,0.0005696852021099579,0.0016727957012201249,0.0028455567774144036,0.0021535782658393477,0.0013139788610866637,0.0010409262679391118,0.0005792872527841696,0.0016852518725987294,0.002564395542830393,0.002173422780220987,0.0015426159404074706,0.00119081865025446,0.0005406364399067,0.0018021617217212006,0.0024859598638246223,0.002012547474440395,0.0015808404172326204,0.0013858832858652842,0.0005831193129435449,0.0015581783375376683,0.002767847788923596,0.0025531348447032434,0.0016082610655021568,0.0013646217228339272,0.0006523834002470309,0.0016350274077371679,0.0023734142023204073,0.0026398755234149037,0.0015199201596796021,0.0012625723954787064,0.0005875062605516197,0.0015759525359984366,0.002641217361091335,0.0020953224862623383,0.0015709053244186558,0.001023170768711797,0.0005871861527262858,0.0015326667418953345,0.002777473720512028,0.001978205958213127,0.0015082492823096567,0.0010727955690068003,0.0005402958652686204,0.0016843347203365341,0.002538629852957841,0.002117951119600789,0.0014959352210166881,0.00121186900473475,0.0006053510274224577,0.0016347826958636512,0.002639081021217754,0.0022972211998693714,0.0016324362350300897,0.001293581482210125,0.0005845268796927361,0.0018437907501404561,0.0031295265168859907,0.002229941517266862,0.0014106848243817369,0.0012254280098008487,0.0005785268495754151,0.001510467442230749,0.002768483235229989,0.0022510776080078465,0.0014573201990988633,0.0011089804056639535,0.000576640224283587,0.0016199892833640886,0.002271090558812191,0.0021701525182757898,0.0013261274533637446,0.0011741234270896835,0.0006199460900631256,0.001478781130991087,0.002215534276889503,0.0024820455324754517,0.0014466199059197289,0.001407637103291521,0.0005390226028210307,0.001578118274228227,0,7.0
0.002614190652009946,0.0020365931618265064,0.0016749790154060467,0.0011939876161601375,0.0006388199475497816,0.001662097264013203,0.0024148077326887176,0.001855056270360604,0.001482440464221225,0.0011876528366651076,0.000573348216102138,0.001707813312994992,0.0027495751142385815,0.002371270913848716,0.0016217937929351727,0.0021761596132680713,0.000561486334153417,0.0017172301385940734,0.002692096175583852,0.0023210754957056884,0.0016490525675285236,0.0020924033399329265,0.000594928703905699,0.0019376250356641538,0.0025576473850134587,0.003238658046308849,0.0015870119984565606,0.0013100933178025005,0.0005944290906624799,0.001697307534013341,0.00284563120473484,0.0023310907030658747,0.001717396003156425,0.001740533641225544,0.0005818333192087476,0.0015242352867899161,0.0022157244603852044,0.002143720843727335,0.0014106050003894895,0.0011770319046995527,0.0005407129675738269,0.0017369243679964598,0.0023850849568357447,0.002113935754129586,0.0014001592268828296,0.0010849191141417813,0.0005583100242283499,0.0016806572288967868,0.002341297073523148,0.00218774277824504,0.001525795030684305,0.001245722842853074,0.000533403900322355,0.0016208247913028248,0.0026326421370617623,0.002361219604798272,0.0015225826262065297,0.001009935923458083,0.0006153318443730753,0.0015973658485362897,0.0024440264881507713,0.0022930813698866324,0.0015126315112652692,0.0011669069008396402,0.0005398808504478128,0.0015563914381621908,0.0025994554322014644,0.0020922478435386528,0.0015778614251084025,0.001283046062185187,0.0005767843069677178,0.0015239729808709489,0.0025487969001056383,0.0019660796740348313,0.0015066244471753532,0.0010904564789268813,0.0005676209429527431,0.001528321685822933,0.0030306133122307666,0.002215108021938137,0.0013951760029643349,0.0012354308622269897,0.0005982012461769972,0.0015899111660599783,0.002519173878759597,0.0020642600034664225,0.001396927259943456,0.0010800815334037841,0.0005342808401581835,0.001440625381995237,0.002293104770432067,0.0021711869991188058,0.0014363894912851464,0.0010674574225874194,0.00054202595610905,0.0014999786902014241,0.0019967572921692498,0.0017859963614700427,0.0014138380770035365,0.0010545191284845688,0.0005482932670816201,0.0016836679154260902,1,4.0
0.002830682208992621,0.002341589380790502,0.0016853300660168752,0.0011066298904208085,0.0006930551152249789,0.0015227634215124175,0.0022147919461583915,0.0019780217836202437,0.0015445242954555045,0.0010372644880735887,0.000623739483823009,0.0014966962004218033,0.0030460863061800413,0.0022153940158490108,0.0016156723770053849,0.0012502367572010005,0.0006847029263140755,0.0015822817246337073,0.00216525835398319,0.00196771920173506,0.0012211145680461539,0.0011094200138196137,0.0006541345121275802,0.0015534220499854683,0.0026070170198715294,0.0035062125705836323,0.0016501691541385187,0.0017695001334998028,0.0007184139069599379,0.0017926836606367933,0.003990325659010585,0.003571608900883152,0.0026389344896675182,0.0014571466047558278,0.0007380082812349364,0.0015308562420352403,0.0030030613318426783,0.002441470353916308,0.0015249072802497527,0.0013352273115816308,0.0006380549491875348,0.001644690704716309,0.0027510527062225955,0.0024718946155069064,0.0014541771556497848,0.0016333033613191825,0.00057767372434157,0.0016459449052025452,0.0028580818681908857,0.002043020628954516,0.0016451386447182649,0.001097957379356998,0.0006636078677015072,0.0017206398569786633,0.0024182786621883795,0.002634928142897213,0.0014022846394622585,0.0011891933715993995,0.0006452674561403701,0.0016169947469524119,0.0029512153685026525,0.0020929868002820566,0.0018385770174673905,0.0012716580022579423,0.0006545701937327371,0.001569389714177612,0.0025826888722915754,0.0021000043714079998,0.0014394071555160176,0.0011347157188996376,0.0006718312653675805,0.0017837566571246022,0.002951199240216839,0.002826173601001053,0.0016364423121196727,0.0012904198292786578,0.0006428296035218997,0.0016831030732980153,0.0028951743372673112,0.0026620751001451407,0.0020026614967513733,0.0014781889923317136,0.0006380399714952348,0.0018329042854036421,0.0029219720832096433,0.002706430001862663,0.0015435461448038196,0.0014237019273384277,0.0008509214840780664,0.0016148253147039095,0.0022713976034902618,0.002433504748970745,0.001682487123477636,0.0012270461334231686,0.0006775768339008406,0.001520885411194905,0.002557512934211102,0.0023133144534442734,0.0016632779792989589,0.001254442158226265,0.0006211412130435592,0.0016513123145924463,2,3.0
0.002487182460356403,0.002379636462398862,0.0015504503818798505,0.0010893440916096499,0.0005575330270008108,0.001575464091927349,0.0024128730493233694,0.0020745824445570836,0.0015362068296220371,0.0012134633584254069,0.0005476799226748102,0.0016068307684742472,0.002742709905493007,0.002299609753162645,0.001556006286299391,0.0012035629345137184,0.0005772730643899784,0.001968067008531149,0.003123587274520381,0.0022572548185454443,0.0016465592622314036,0.001381529936818912,0.0005633091045879036,0.0015308163757416654,0.0026036326692830147,0.0022730814550496127,0.0015357000016802637,0.0012752593626359178,0.0006431375423859084,0.0018388173886815368,0.0024283030190581623,0.002026365049195163,0.0014932509591436848,0.0012130164320382113,0.0006214348028735195,0.001649858613328815,0.0026566807291382786,0.0020624430079582,0.0017705602114184299,0.0011111735525632211,0.0006187998628834901,0.0016708231258845407,0.0027312762570234138,0.0019855570398059244,0.0016185585562972311,0.0013848652456898403,0.0006738621359094049,0.001929770328762143,0.0029447305896082854,0.0020602490330486035,0.0015831400007592195,0.0011038469360519177,0.0006294478207561328,0.0016413780796621453,0.0021741582983610267,0.0024520610100301765,0.001550804322894418,0.0011468505073502094,0.0005965104450231069,0.0015453111601724117,0.002140003616700754,0.002382165236595538,0.0016056806475135753,0.0013703394523871494,0.0006266980626769452,0.001408172452007372,0.0027792596083443533,0.002355960384316823,0.0016845827582037548,0.0013797458628260996,0.0005873117988343626,0.0018697468185213566,0.0026934507122721783,0.0021925675610551362,0.0014341182448188439,0.0013209447972513046,0.0006546074248457456,0.0017926093997864267,0.0027174821945332973,0.0023532021647874623,0.0016153784657162184,0.0012982292170347438,0.0005542804817687499,0.0016083598442121162,0.0024323361366585315,0.0019876080548936535,0.0016208506565904344,0.001246059296837766,0.0006277578643195413,0.0014958690989982243,0.0027755427019785376,0.0021811057150754277,0.0013910831940388856,0.0011572353571773007,0.0006920304023745114,0.001630565625053646,0.0025925039796909225,0.001917110472204871,0.001364161045402964,0.0010447403220871232,0.0005447436281931847,0.0016662836382526401,3,8.0
0.002540923832229082,0.0021358495724684598,0.0016994019408123617,0.0011511580102043382,0.0005700698190074488,0.001409667703301252,0.002834412503066074,0.0022469127497860603,0.0014247515488324738,0.0010458630310548056,0.0005799753827332578,0.0014667281953563973,0.00271086839052339,0.0023747719023752777,0.001686326498394066,0.003024004636473858,0.0005998263861997414,0.0018392754115363437,0.0021488736976922177,0.002067536472598562,0.001523941197358122,0.0010720329969834122,0.0006185392298451394,0.001637989016741735,0.0020735480275552243,0.0022529942403049412,0.0014427275298085323,0.0011288270520074758,0.0005810725990801729,0.0014984661702083179,0.002574509424663472,0.00216104006827085,0.0013078380867383272,0.0011785925585818488,0.0005633915406734996,0.0017511927047337839,0.002723842389816177,0.0019308773045059009,0.0013641298114988063,0.00110205459718488,0.000635444015661863,0.0016504303650517126,0.002089075499596228,0.002243544267448069,0.0014349448792805404,0.0011929048805867858,0.0005786725514363911,0.0014828858757693448,0.0023310459781457358,0.0019212602197934644,0.0011613709444384859,0.0011503657855348344,0.0006198023306187267,0.0016180194409876288,0.0021134503874862304,0.001931537555150604,0.0015252955726211893,0.0011202930255668803,0.0006049853990707864,0.0015171575819966489,0.0025868736310239505,0.00208586421087067,0.0015992612954745253,0.001133632321149698,0.0005753095775475586,0.0015198345225120868,0.003273559233313281,0.0022302062441917213,0.0019083079633265122,0.0014772733992725912,0.0006961292064491043,0.0014846351389409187,0.00222424151493556,0.002056677314928322,0.0013598962277918737,0.0012014609747455496,0.0005727124994016217,0.0016205503762812229,0.0029732760665562947,0.0019623538408266106,0.0015668011106390236,0.0011283600464288748,0.0005709551945219574,0.0017473618967201224,0.0024323722628342916,0.0018297528295293328,0.0013356687431625705,0.0010817204585068902,0.0005672216692979035,0.0013814332041745727,0.0023013461774880634,0.002072161643809804,0.001432606228942435,0.0010602337975282622,0.0005674240530470861,0.0015014256978475927,0.0025926606571160106,0.0020163015368263766,0.0014723716851208978,0.0011105832488909903,0.0005378151865018818,0.001463262456964868,4,5.0
0.0023095367922401143,0.0023329443384164095,0.001711693763018705,0.0012726640530918516,0.0007068990951916837,0.0017113261166134626,0.0019073242634320335,0.0023847375576137994,0.0016549990996137455,0.0011288067468146158,0.0006998447436132316,0.0015697635241202,0.0023415537235149555,0.0021470541347621895,0.0014967324422607564,0.0010198203591224265,0.0006571062729437117,0.0015531017157163955,0.002585679292983991,0.0021853507381882184,0.0013907340903411623,0.001264249660996082,0.0006507549537275212,0.00158870729832373,0.0023027822343936145,0.002518739843391178,0.0015971705102052673,0.0009254092802164942,0.0006311476034012592,0.0015170025838721817,0.0029868849884093387,0.0026024975302088495,0.0013832202771504576,0.0011369100620270583,0.0006854069832630197,0.0016602590111847576,0.002474541165492484,0.0021014951883019726,0.0013422558560204356,0.001103979753684831,0.0006942168964241183,0.0015605195402527887,0.0028541339483587826,0.001969199587979151,0.0014939478426929343,0.001279195084050382,0.0005944001875669825,0.0015686105247843102,0.002238906744050981,0.0020169723188799152,0.0015794401501613474,0.0011070928861898798,0.0007053188671197453,0.0017301801527532929,0.0019130595171491965,0.002089995615727792,0.0015366255104747638,0.0009984957696555176,0.000649057219071229,0.0019111282039288302,0.0034031978269443495,0.0026078581073544728,0.00158791010547964,0.0012371347422003576,0.0007491360545984674,0.001543571223377957,0.0028312189054943,0.002298420600814821,0.0016150575781588039,0.0011651599366451428,0.0006292872233739452,0.0017451386924539818,0.0030491151986051426,0.0026372673050301,0.0014009291915283246,0.001270526084019593,0.0006967297910537787,0.0016234515250312237,0.0027366774668680116,0.0019004060479224948,0.0015979989116599953,0.0011825578485095945,0.0006674501617788371,0.001499828983224677,0.0020831655029428073,0.002636446550337457,0.0011579191543344798,0.0011036059902159146,0.0007556484701720442,0.001698898079087493,0.0022061605057336364,0.002299744533580023,0.0014452590046202742,0.0011018617625359968,0.0006621048180435548,0.001579637495780467,0.002619021259048391,0.002239403175262139,0.0013704514680905804,0.0011197789982214017,0.0006907766166081596,0.0016899292458214597,5,2.0
0.0025292294571145767,0.0033121629634728666,0.0016736504319967316,0.001358676368517686,0.0006112859371430468,0.0024031235863384093,0.0021258694829039615,0.004210075377801641,0.0013374480619935225,0.001306649881907549,0.0005772588634445696,0.002054431294528489,0.002398842543367199,0.0031134301084763606,0.001603469144538523,0.0012786273877385711,0.000575606131424149,0.0017772466716545377,0.0022466368287939243,0.002890507763238428,0.0014436346349360463,0.0011465424939105806,0.0006450411603388306,0.001808382821124861,0.002940051684673002,0.003631867952500678,0.0014907185922762144,0.0013265586304712395,0.00062110693392335,0.0018851578417317571,0.0025637451797917254,0.002152428197909786,0.0014581324128083795,0.0012078304021877373,0.0006516339024241092,0.001635362754426366,0.002807808618314076,0.0023598871153894985,0.0015367835453342815,0.0013014476550837894,0.0006027986048290357,0.001562324941518165,0.002843145951090338,0.00203938477759342,0.0016234258403203738,0.001404085757264526,0.0005970672563152246,0.0017388121979427585,0.0027773249338279493,0.002243432608270628,0.0015895467038420264,0.001437767839687356,0.0006699217352869002,0.0016125677062150312,0.002621168657477091,0.0037175946460306555,0.0015536391047645992,0.001423536970683792,0.0006306140103750546,0.0025168334876479958,0.00258983913127222,0.0020034307868825717,0.00157868435788034,0.0011363369852229145,0.0005682837168940691,0.0016247823159415242,0.0027334810426679537,0.002170966239112433,0.001778245241522376,0.0011339030644837611,0.000590269988681753,0.0019146837785624338,0.0032379257403581095,0.0022545398059085108,0.0016675781183079974,0.0011142176893123845,0.0006242598413731137,0.0016193464229411303,0.0029131004281494465,0.0023169924065877946,0.0015263305154968499,0.0012065957996674514,0.0006060328135370607,0.0015243298033156272,0.0024538389653691772,0.0028052330702679697,0.0012112150802394317,0.00124346709848304,0.0005801006637301231,0.001726895066126528,0.002443243260068213,0.0025710387889105223,0.001678624942597029,0.0011524611180268507,0.0005797996244444947,0.0017199129419908333,0.0023587785059423537,0.0034742373047299256,0.0015014429260547723,0.0013536901229836906,0.0005903613679658815,0.00201885482551281,6,7.0
0.0034271855699566766,0.002460065800205296,0.0017335295375454085,0.0016633559907867912,0.0007159199483140847,0.001840264512768376,0.003748778673181047,0.0032547701646495836,0.0021217474586353808,0.0016076469756035729,0.0006347771609232376,0.0016502397337464934,0.0038542924722710123,0.004074549153863575,0.001898478503054209,0.0014623705895023666,0.0006835050499491538,0.0020048588021000235,0.003461594719238943,0.003288874566674032,0.0021436178908049563,0.0014700593029380222,0.0006758159486480669,0.001946563370675552,0.0032754044904211082,0.003025739317389494,0.0017647577857328272,0.001349382145952988,0.0006175288137962093,0.0020149933912609946,0.003811071421385839,0.0032658118260010835,0.0021068102765361605,0.0017036880674675989,0.0007084893405419963,0.002174912014854591,0.0035664172647588855,0.002916911001530819,0.0016808738056332169,0.001535522753609868,0.0006988840743279681,0.0016695385962100825,0.003447530760513431,0.002890885264236929,0.0016869911796445357,0.001525127407855835,0.0006455586909669594,0.0020889826675087103,0.0036355612241960166,0.002672395481779453,0.0018150090644281605,0.001490143201030494,0.0007220022294777387,0.0016819227611677146,0.0032648144807593507,0.0026916454532388955,0.00185351771412787,0.0012737660633603727,0.0006125402023507204,0.0019152480339911576,0.0023654053813049903,0.0025276225949993686,0.0016859097613732925,0.0013174632427730704,0.0006685407989237865,0.0017713942582414932,0.0029097148008387207,0.0029102677469441027,0.0014487791665891024,0.0015982503692349714,0.000677660607223077,0.001960001596933908,0.003701259002702949,0.0026932240325089987,0.0016708575973362462,0.0015822988461216022,0.0006903892642757722,0.0016308812961973512,0.00401788972608118,0.003293248248110978,0.0021309107140469433,0.0015811530941130308,0.0006898353621875451,0.0017617412691044289,0.003409436140107056,0.0029281302616236005,0.001870940999474127,0.001759167277647448,0.0006174767141295298,0.00195984002858077,0.002731434513459144,0.004062260803247092,0.0017479869303797307,0.0016750367968067102,0.0007287515312893302,0.0022911158154695138,0.004606762184705219,0.0034419852192079134,0.0017420207467556343,0.001690380226449659,0.0007019657092190897,0.002179897111125595,7,3.0
0.0028058033903264334,0.0023235070054611626,0.001427596713528982,0.0012401569149075953,0.0005613294673148438,0.0018513105378079311,0.002603196827124474,0.0020176063599211445,0.0015729422306828707,0.0011315325180107521,0.0006528938764904325,0.001620037558850984,0.0022042232741367293,0.002187905077901861,0.001487378080997429,0.0011796231244551225,0.00061502386288657,0.0015465817431137105,0.0026482958165094795,0.0020982518241266564,0.0013695886040080358,0.0010583900142066614,0.0006660921049358913,0.0015758051466469491,0.002024250074787069,0.0019230826022218984,0.0012242889243159014,0.0009730223673699757,0.0006718293737432229,0.0014407361719681528,0.002353084637833182,0.0023803189249055837,0.0010624487185704153,0.001091681815698362,0.0005874899363179821,0.00148374813968659,0.002358313810630137,0.0023976579502064683,0.0011459673356219464,0.0010418293269133024,0.0005740670868218175,0.001659263931080405,0.002006693639844511,0.0021602547165318494,0.0014167583468755731,0.0011609199840992917,0.0006612132671748926,0.0018236217911655893,0.0027337088805242877,0.002121201582312545,0.0015330881272976739,0.00103467398781793,0.0006310286997038517,0.0020641275924374626,0.0031314687344066246,0.0018100429006598165,0.0013257457641538209,0.0011280019613956946,0.0005315306041425394,0.0016253963850491764,0.002482120274591185,0.0017551797533880966,0.0012982528414347961,0.0010901670651543803,0.0005326493626089659,0.0014933945624667803,0.0035247236363312906,0.001894772840131416,0.0019896011632317186,0.0010885752724285997,0.0005966107728393777,0.0016038580815893528,0.0024424243057807665,0.002144490297520364,0.0015957269373737966,0.0011397878924558705,0.0008144646142457639,0.0015779262389337386,0.001875173302143001,0.0020497882579443077,0.0014963150190152096,0.001097133779900065,0.0005635302749114129,0.0017249676872773787,0.0022088092233846584,0.002218066450426351,0.001318580039489334,0.0009876561330014646,0.0005929547255452389,0.001544332299167803,0.0015987102116681163,0.0019880676931307933,0.0010892834604776633,0.001155536029558234,0.0006376756669516164,0.0016586489956952224,0.002012727132104606,0.002037083167864952,0.0009368115225264412,0.001095381307046572,0.0006626034452169189,0.001793968747486088,8,4.0
0.002930561754175605,0.0025792353168170544,0.00155771576789531,0.0013425315511834698,0.0006640583084074922,0.0020186386853307324,0.002715822645633483,0.001822244894067504,0.0015272157655548165,0.0011909619645667168,0.0007689591927992961,0.0016861495046950397,0.0027199517474253503,0.00267633379818399,0.0015314297258256868,0.0012430945216821904,0.0005728963375158249,0.0018650185266942147,0.0032361840394403625,0.002062236528998438,0.001784035172158759,0.0010511512781863372,0.0006765055821327511,0.001661562523844448,0.0031595977340021174,0.0025998116865410203,0.0018411624069296073,0.001276860045103662,0.000664767772403262,0.001913195543881038,0.002896785595579136,0.0021280394328312816,0.0017481809881225456,0.0010303556636123226,0.0006514128384247868,0.0016386309366070511,0.0034458860785581457,0.002529380741746522,0.0016229075530008034,0.0012428784361706276,0.0006135861629111374,0.0016234182184307157,0.002992569117319371,0.0020762072055498042,0.0016638045843030413,0.001060110056079204,0.0005833755451938801,0.0014847958631461883,0.0031909630169040934,0.0024707297906817714,0.001701995460425794,0.0011201982655130959,0.0006303874460632257,0.001671716383000202,0.0024141249351141863,0.002040528549054739,0.0015399420197785658,0.0010258071475322205,0.0006574037433882074,0.0015735055888879922,0.002932386117922501,0.0024750742803942003,0.0015669540922506214,0.0013617105284975878,0.0006099945648332868,0.0018342572561407377,0.0026407453917314774,0.0023829039641980122,0.0014037794427099292,0.0011998851927880073,0.0006133005039101747,0.001613609084177724,0.002939082524108612,0.002422145636352881,0.0015441702039615268,0.0012667095565307793,0.0005921359178839767,0.001869744479685293,0.00306911291841103,0.002449449794551617,0.0016046138787191159,0.0010087377193590521,0.0006546150060837192,0.0019605379530980697,0.0026961142476684807,0.0023571448841759666,0.0018489210368811883,0.0011799697664048002,0.0007245945522760438,0.00192675621359051,0.002557835264416859,0.0029431313848627596,0.001623384691260403,0.0015976233202864584,0.000695286791711782,0.0017646143524203785,0.003296085235815872,0.002862424004693948,0.001767544633048153,0.001374825404976114,0.0006884577248558662,0.0018307429698432686,9,9.0
0.00227100926534549,0.002624822347361227,0.0015289231991055146,0.001340622026400443,0.0006251921645532222,0.001762362722772613,0.003657451960110686,0.0025063518361256865,0.0018718221743950505,0.0013633685262359038,0.0007166583389171744,0.0020907478387789127,0.003547879774442885,0.002708602505863535,0.0015762771573006608,0.0013584408459883274,0.0006018862015012217,0.0017090156577344742,0.002671839678423641,0.0027591226254336707,0.0020094249541091572,0.0014074578325048172,0.0006258155373009053,0.002054073946237935,0.0025230970217824337,0.0027862932456580976,0.001577944499855734,0.0012893147602048636,0.0006278298492601943,0.0017089949003097006,0.0027086966345602217,0.0030561323620451795,0.001457919415797532,0.001759156522626257,0.0006904269508750513,0.0019025848151535672,0.002896170252580739,0.002407523758551287,0.0018162625004092693,0.0012956199824658882,0.0006294781140861275,0.001953890815045473,0.0035122069873945276,0.0031111747425680808,0.001893364921160429,0.0012850588624916683,0.0006387140431740443,0.0019154452716466546,0.0031434500054062548,0.0024388031473741817,0.0016750018375642998,0.00132712950101306,0.0006105595937721874,0.0016063754336023482,0.003199330916324403,0.003054575959762017,0.0019773480547217886,0.001425629485556317,0.0006619992170344676,0.0018295972329085578,0.002866294758922139,0.0026834837863667044,0.0016248574364196525,0.0013238369189674064,0.0006102435650610109,0.0017365773574732504,0.004252520769987296,0.003731253042602348,0.002351081515822325,0.0019421975139040305,0.0007298403853442567,0.0019850021921617896,0.0032047125487140913,0.0024391533468005994,0.0014660428364274016,0.0014893326856258728,0.0006320983071421572,0.001471708261066301,0.0029881812058369503,0.0026175924422893815,0.0017621848849535416,0.0021884567566377152,0.0005934184307801354,0.0017502200704855493,0.0032696069788474306,0.0023508780205319896,0.001596824660386446,0.0014553809854861459,0.000641153313050998,0.0022014632144787957,0.0033368708277856174,0.0028456452787587938,0.001923666222650378,0.0014683588307698025,0.0006375166841423295,0.001908849398551682,0.0023663577758196905,0.0023167856729986577,0.0014574433276322574,0.0010348206067637687,0.0006017656571981188,0.0017040549217226372,10,3.0
0.0028291269422476496,0.0025810813919304974,0.001623441706978257,0.0014299796408780742,0.0006210344151832637,0.0019314958624201911,0.003242032033703366,0.002300435024118499,0.0020257746272777364,0.0014700335372041043,0.0006567772518181414,0.0016450975867158047,0.0028017480141483138,0.002695711969368841,0.0016218448926900567,0.0012440253201404033,0.00070465611093326,0.0019271358006684174,0.0026834889709742267,0.0025061437908483193,0.0015764229612023305,0.0012066582523920081,0.0006186783700750663,0.00193157967957175,0.0030888240239926486,0.0027471704653661343,0.0014922541532162486,0.0013933886806960262,0.0006154337403996068,0.0018193335175403012,0.0032742644199943863,0.0025609696541584806,0.0015156249135500157,0.0014330609271314848,0.0006301432801705012,0.001710175958844561,0.003106356359806767,0.002236999604068642,0.001618845636252681,0.0013615954512711088,0.0006504277306997209,0.0017118136291948036,0.0028153416818668562,0.002597017337736645,0.0016081859674793707,0.0013872474751065273,0.0006487206747475897,0.0017044536528866385,0.0031743117695468416,0.002574126643168065,0.0017302970922532422,0.0013939416418751547,0.0005621866756816015,0.0015766785171104465,0.00349604037794437,0.003955814043113141,0.00211564187472587,0.002835532490860163,0.0006866617517342269,0.002059014190370764,0.0038005731538926836,0.0024517811715340054,0.0017994191245051094,0.0015143100372972688,0.000621538646327088,0.0028341926633338775,0.0030296975625609996,0.0026672366831925996,0.0015754745242938235,0.0018655945726902192,0.000627657913948351,0.001786391881112575,0.0030274462917449477,0.0024370649644358854,0.0015924405463749352,0.0012674475870155396,0.0006394073783619912,0.0017106006174302528,0.003440595980940868,0.0029026590570431624,0.001647691975946384,0.0013700920983736654,0.0006197166559562695,0.0017410621298150045,0.0028351369323463323,0.00286486416853789,0.0014286314760081071,0.0012958051026249716,0.0006809022517065873,0.0015389318733630476,0.0028587347810281626,0.0028625664598241553,0.0015758297567484874,0.001411993233940989,0.0007246955499636871,0.0018721185142182644,0.00270139153352484,0.002254943939983013,0.0015283361835010314,0.0013205753247729555,0.0005892928481043714,0.001840506034316124,11,6.0
0.0026164860219899818,0.002277805464366824,0.001473975218458043,0.001034652022937896,0.0006426852427086678,0.0016230264028051727,0.0021046074770636014,0.0025293776180131855,0.0013598754366725948,0.001045384399665021,0.0006400772798303599,0.0015265025280921966,0.0027275431168882858,0.0032610014642499323,0.0013899003495027268,0.0013105989583565897,0.0006520477756645014,0.0017851327917098138,0.0027006322997577725,0.004638906199174383,0.0016145770961605173,0.0016738506547931081,0.0008012740784541859,0.0027446769140678936,0.003039231668739234,0.004374783513180017,0.0016763162648322253,0.001199169160141289,0.0007560446753575488,0.002241754199531679,0.002623818503762615,0.002333836906206091,0.0013722907905094036,0.0010530274528096704,0.0006318993237247505,0.0017556287635214672,0.0020502385057992356,0.002351594668684201,0.0015560785558423607,0.001100135075133669,0.0006854240609290574,0.001482443938542254,0.0028797383341883946,0.0021673327616360464,0.001421704071556426,0.0010312595048078258,0.000648505461668707,0.0018042048379530238,0.002692439956389504,0.0022883625503945363,0.0017917517853982998,0.0011671680994303844,0.0006005666890292522,0.001516531081334558,0.0038503677195487348,0.003743311254921318,0.0014669221328445377,0.0013516507461335157,0.0007299830449140444,0.0020083118037990577,0.002881533267102271,0.0020686304493943582,0.0014042284543997726,0.0010466084912527625,0.0006391357845826946,0.0016350922206383102,0.002665508310071739,0.002943425371627413,0.0015650240532338877,0.0011758360151108678,0.0006210236220209053,0.0015405118343671178,0.0027432133127992405,0.0018988164585935926,0.0014687216495741758,0.0010041099320613706,0.00054291423226168,0.0015842313849901853,0.0033346673889227962,0.003749031734689444,0.001661235847196763,0.0011706726925518052,0.0006018777838294691,0.001733078983230723,0.002281213187580743,0.002230267968454322,0.0015265866820562538,0.001064475712105298,0.0006653589945964075,0.00171973041541061,0.0024513268711704827,0.0034565173580327095,0.001561140811021438,0.0014109265227277392,0.000654162622594038,0.0021529244308812505,0.0027398325606066217,0.0022653875021887856,0.0018440347835239296,0.001240220328958859,0.0005778812075094463,0.0016728084590873166,13,3.0
0.0024947253569164757,0.001820023790048458,0.0014920429609038086,0.0008752157578510655,0.0005949284194419183,0.0015392281001244794,0.002515243786261602,0.0018928304546672583,0.0012480418991712206,0.0009132723526983375,0.0006747324329495055,0.00164426913438224,0.002764333670440058,0.00234449526661509,0.001318988587057437,0.000944333557419048,0.0005804713812076651,0.0015284815022468506,0.0021208213933301334,0.0019528648941350693,0.001382542238285845,0.0011693532046276993,0.0005833922084558451,0.0016791587583211821,0.002170714009983444,0.0022022839177761352,0.0014294169904081936,0.0011041035200133542,0.0005329772800995294,0.0014296663291783569,0.002098248538049004,0.0021128036296669834,0.0014535799168322,0.0010524078227434007,0.0005729569553396923,0.0015040573607393993,0.0027938958244526,0.002083096279357444,0.0014659505028064108,0.0010252719218268199,0.0005555793512162912,0.001629225130735465,0.002624378807221709,0.002086399955221746,0.0014198662881724298,0.0011537149314805586,0.0005252365860466267,0.001639371383737707,0.002390774075946073,0.001779201028061632,0.0013556099051681195,0.0008792923287378654,0.0005667852992357576,0.0016726539649603463,0.0028311335153147097,0.0018974987843069233,0.0015510852761226324,0.0009009554811827509,0.0006086607442157219,0.0016357158831967775,0.002708972867009477,0.0017863786422380563,0.0016698276646335065,0.0010989257691349699,0.0005940407092400964,0.0016434292633188503,0.002853848258856266,0.0021574550735259266,0.0017452904280284966,0.001159543533406354,0.0005893634152049392,0.0016444163673826732,0.0020260794219190328,0.0020639269735096342,0.0016111143636152391,0.0011799312839266885,0.0006582028760186852,0.001585799712663563,0.0025621512306451036,0.0017590076673198987,0.0017419997312939659,0.0011563410238216835,0.000594394660518121,0.001408116468517835,0.002456254529756094,0.0019848924630807775,0.0014154499443142815,0.001219702273252923,0.0006147921281656524,0.0016519762049923004,0.0022280682528330272,0.0022140551595116664,0.0014363299202509526,0.0012919985711156788,0.000638643851326561,0.0014856805633330992,0.0023376950389446577,0.0018171785015179056,0.001397834795341672,0.0010377592534353706,0.0006642466480315733,0.0015830918514173925,15,8.0
0.0025090214231472314,0.005930697071249941,0.001404619881449245,0.0015872337264419248,0.0006420851458675956,0.0024237333805853917,0.0022374393403231706,0.003447963117376083,0.001296330427148353,0.001235666618116955,0.0006332161693506429,0.002228120985736064,0.0021610399558174617,0.002194982652329628,0.001336703034497477,0.0011677702070563383,0.0005960919775743044,0.0015999425797109416,0.002149223553216924,0.0021663230432704557,0.0013115306184918573,0.0010584068837881037,0.0005657622950474289,0.0017952166739100565,0.0023169255679518427,0.002019191628349104,0.0012440497812348072,0.001151773410165023,0.0005958029200938958,0.0015360288547382828,0.0020098924796320577,0.0022384093580390093,0.0015196820752426047,0.0012046224402036535,0.0005955847168064969,0.001659171551950852,0.0025821478480810172,0.0022626631329476614,0.0014883074482598077,0.0014055353564175492,0.0006181447815553369,0.0015500361602740905,0.0023540360863229704,0.0020065494067673722,0.0015890853194692337,0.0012534645574893899,0.0005693979100928457,0.0017834462774029465,0.002290458710698419,0.002117609716230083,0.0015388291864043369,0.001057176138776432,0.0006127306020816869,0.001646191550525243,0.0023016388788341608,0.0026554666094445655,0.0015815887265911484,0.0011076323839687885,0.0005743726804437203,0.0017065066008416434,0.0018390987039276889,0.00343856099002378,0.0012369990115275638,0.0012088632627636705,0.000520670420163142,0.00199778392284628,0.0023547935461077267,0.002330378176689427,0.001280953224407774,0.0011966781669614974,0.000624709374032567,0.0017456754387615637,0.0029049243073977033,0.0021133318319085047,0.0017463256282311509,0.0012790533079136775,0.0005736144885728112,0.0017908864067758352,0.0024632471547137067,0.00293161222650597,0.0014028487171571047,0.0012757356685645664,0.0006091958116846215,0.0014397189904211283,0.002027762614707347,0.002069272389485018,0.0014085018827586545,0.0012105279926445892,0.0006220500824664495,0.0018145145463620413,0.0025591386942479615,0.0033714426077690648,0.0012891467910770371,0.0012323455208839403,0.0006038461615133761,0.001955383536187841,0.0028177238482689345,0.0032122646037823074,0.001435837805969736,0.0012107763482812428,0.0005615774837821713,0.0020688682559382543,16,5.0
0.00252002771590071,0.0021566839061953635,0.001472975897832288,0.001066341812752136,0.0007138648612398439,0.0017320502889782885,0.001961467797248468,0.0021828228283283296,0.0014208269635310824,0.0010743485880188844,0.0006884482537847832,0.0017534243259736126,0.001986996998064828,0.0019828198778264194,0.00142612945296716,0.0011067267483156498,0.0006400713673729039,0.001673257492282258,0.0019820152463876045,0.0027528419728401377,0.0012467188701371606,0.00145005332720545,0.0006359132170947825,0.0017925524680789415,0.001958147081145639,0.0023610360417762183,0.0013954545697100037,0.0013089848737773532,0.0006474209282450322,0.001561177586599956,0.0029640972354008067,0.0020899942997450343,0.001512194389544776,0.001217091812657976,0.0006407561288798713,0.0015630300415846751,0.0023189857182715967,0.0022174827081533044,0.0017643238754526075,0.001112593403016859,0.000575568056906831,0.0017216252776687516,0.0028876284581749695,0.0022444576298653457,0.0015178954947151016,0.0012606125503830726,0.0005942132405635751,0.00170200572194139,0.002476953161154782,0.0020468939020664733,0.001549632534893696,0.0011276736581780475,0.0006329595471324052,0.0016857763989597085,0.002496635412913472,0.002250243887531262,0.0013799443821218363,0.0011143379375751852,0.0006226220262767023,0.0017346511731223516,0.002572369519988811,0.0020426033507218266,0.0016231747559030674,0.0012234161724530787,0.0006482885039674638,0.0015372017978911023,0.0022821532968284102,0.0023573260280119646,0.0014609767720441952,0.0012572909203002133,0.0006188062186808428,0.0018044011002639828,0.0025974897015736487,0.002053856433274948,0.0015465668742709823,0.0011733624846246829,0.0005513901842520806,0.0015847982850935205,0.002805352101825543,0.0024478648634493477,0.0017414969527726001,0.0014181539077907448,0.000608904867784312,0.0017312183724486282,0.0021599915633007927,0.0018994448905182723,0.0013843840003685112,0.001270103432148403,0.0006522205998131941,0.0015913061748946689,0.002422010660182514,0.002516370579698993,0.001232842611121669,0.0011102324381244877,0.0006573914408687277,0.0015724865631450205,0.0021996228328768947,0.002955090707683181,0.0012404787386300967,0.0012034821817085745,0.000695442637779887,0.0018597600918639748,18,5.0
0.0027652514786157757,0.00222627619882243,0.0014185487385687773,0.0011607812644173674,0.0005872131034502986,0.0015419016577552075,0.0032612001313333345,0.0021065035665865,0.0016657121190601042,0.0013722242967126228,0.0006183646657532708,0.0015194503727621969,0.002316204709043076,0.0021233502517259057,0.0014167140189559077,0.001458655727472662,0.0005991928277177809,0.0016026742687818318,0.002494753991036037,0.0021738552200573544,0.0016643248669592962,0.0014367647332499296,0.0005302724524903329,0.0018392506513243152,0.0020789429736665322,0.0031945752968932004,0.001287525355946169,0.0012445469952735923,0.0006184037708693979,0.0018065786839914545,0.002659093179054522,0.0020712265240199123,0.0013694431207774177,0.0012683042756972795,0.0005466483430832333,0.0018286820171035164,0.0027081854355536098,0.0021603752929003706,0.0012890805866182984,0.0011330264027810252,0.0005839417101123913,0.0016436369908284633,0.0021848540355644645,0.0021431927824351947,0.0014273775318595677,0.0011390744091733485,0.0006440390969735952,0.0018561242284244283,0.0026224127853616028,0.0018535864301801152,0.0017870847757189498,0.001388027750856289,0.0006385098252331715,0.001652788644782835,0.0030700288821335574,0.002377537972226734,0.0019067890995016735,0.0011827494451381586,0.0006012052083653664,0.0015453342596374398,0.002600873077107275,0.0023233580168421776,0.0015817265992506921,0.0012185980911410324,0.0005436319379859774,0.00177945924511321,0.0034894323818141335,0.0020817351491219053,0.0015594407456470465,0.001446153075837475,0.000585922105350294,0.0016095655349145754,0.0022907689043441086,0.0023121223283651725,0.0013525511850829132,0.0012369949884998468,0.0005263688115618415,0.0017300180425901084,0.002564642918463439,0.0017988399536238767,0.0015387723231565218,0.0012891892500733128,0.0006081253058630668,0.0014903394838597255,0.003270965540469934,0.00215050386974237,0.0015187189588538506,0.0012858396113577919,0.0005558974517073088,0.001590621680861747,0.002407017524669273,0.0018491761181038912,0.0013571318391629881,0.0011237895971390763,0.0005237203586959981,0.0015866039238399752,0.002182649926875552,0.0024142485421397232,0.0013203362907181313,0.001138435925250776,0.0005553822189959425,0.0018236447407211926,19,8.0
0.0020031391715899247,0.002183008252487404,0.0012496492107220867,0.0011529144097460382,0.0006322952016920486,0.0014920680249955723,0.002371035188528718,0.002026408099331023,0.001367636149174232,0.0010037928601602261,0.0007218695977440995,0.0019433394017906714,0.0023035088479105253,0.002052525694771192,0.0014860630167698554,0.0012085643725378405,0.0006539701342675987,0.0017387345493465056,0.0020685636855945857,0.002565126332121731,0.001170691239073203,0.0010543302540142279,0.0006820093427395095,0.001608614451505588,0.0025263077605147677,0.0032548780885858814,0.0013090195854768478,0.001164947860430429,0.0006412109083483072,0.0014148968396601653,0.002420876736138025,0.003392498851095909,0.0017466270404089092,0.0012381249511899672,0.0006120528135132822,0.0016783499869667375,0.001808572679452815,0.0027911392822861556,0.001323596284496674,0.0011047103508066065,0.0006471015201053454,0.001672743580246344,0.002214619088170917,0.0022648039840840535,0.001365316943872576,0.001023714061422927,0.0007153876944967908,0.001695577120778356,0.0029778083636381705,0.0030162614453291704,0.001513015096996627,0.0017193073092596231,0.0006327779005020227,0.0018804310077357392,0.002343224679279805,0.0024840433450787594,0.0013633530172463106,0.0009566974698497704,0.0006308948917104248,0.0017576979419074291,0.002667436399550157,0.002227721234544846,0.0016623620466619208,0.0012466854286943007,0.0006473431209978659,0.0017089507532729042,0.00229336279102255,0.00255040369733735,0.0013521217961696963,0.0012274311278469233,0.0006263713875740305,0.0016366410948425623,0.0025551863287665236,0.0019896823351083534,0.0015039716834643376,0.0012133265270716704,0.000649990416328465,0.0015215553474545133,0.0022020861582457605,0.0024227132525387845,0.0012684008005061271,0.0012132102090702073,0.0005861914479720455,0.0016594945596111394,0.0021791376132325466,0.0022215308571583016,0.00126488186340752,0.0011921402144701597,0.0005923501971926148,0.001441315980627886,0.0023200470401414743,0.0022106363290773376,0.001407997695867541,0.0010943359672862323,0.0006274863223026847,0.0016045823362661553,0.0027015503905397807,0.00288166300973176,0.0014321393001693143,0.0011209606441347354,0.0007175014811779052,0.0016129457185907789,20,7.0
0.002477268482551107,0.0027982999732152447,0.001429557465456923,0.0010555262397327011,0.0006817660995439864,0.0018756938719237015,0.002844517939174463,0.0035277424825376907,0.0015271649685409336,0.0010925753768443933,0.0006460762828541482,0.001938343189334335,0.0024477484255564846,0.003236734625144614,0.001484348103586249,0.0012831355381698883,0.000622386054930186,0.0017998760547273277,0.002136257013886926,0.003196720917713929,0.0012845590088768402,0.001021022710768266,0.0006383572506202132,0.0017614832011263915,0.0024594524812343566,0.00454575578428073,0.0015618224770472336,0.0013455785259302677,0.0006000387496198337,0.0020145740741436885,0.0024078426674558023,0.0022973292390334504,0.0016085007480167743,0.0013628841342248205,0.0006112217409768623,0.0015062590776740853,0.0030626241666621224,0.003054232940997294,0.0015535750564327786,0.0011196554883102247,0.0006670569856681713,0.0016637483749930174,0.0030379279423510897,0.0022107593856574965,0.0017058510560671789,0.0014920069584348713,0.0006173849222598921,0.0016125842673825033,0.0022818464321842113,0.0023148671814331584,0.0014748020178763327,0.0010485059434639133,0.000627257581959116,0.001979469518048911,0.0030061979103248337,0.0030043913147265754,0.0018600638881323167,0.0011686567944420498,0.0006367190521872167,0.001710963032009716,0.0026573565434147017,0.0020716814144588957,0.0013465821782033796,0.0011487067462201525,0.0006083111112775569,0.0017733664739932478,0.00280424188104109,0.0019979700037069193,0.001805607213116184,0.0012392188917705524,0.0006092012586770973,0.0016256160539586892,0.0029971633684304022,0.0033524953464766855,0.0013336202883371731,0.001302618426071719,0.0005742773411775129,0.0016101381807890436,0.002495902531174803,0.0025831506326724324,0.0017360147176771143,0.0012876658686360534,0.0006222821338142055,0.001510429871647819,0.0021447540329401177,0.0021780198641948557,0.0015005237724014064,0.0012483735993651577,0.0006703244020524587,0.0016471188349337185,0.0022247244745635685,0.0029113362384558606,0.0013282015454391552,0.0012223865357450137,0.0006545872114261386,0.0019508231727413633,0.00240364797265355,0.00328189025780173,0.0014142673974338207,0.0013013464038173395,0.0006408410652691167,0.0018974515333923803,21,6.0
0.0024951956907464396,0.0021450878067886415,0.0015886837759545728,0.0009285431159215467,0.0006525092250921925,0.0015714679294105542,0.0032913207795996734,0.0026474361227434213,0.001482190343126529,0.0011670856475100274,0.0007039642811156489,0.0015120865155356829,0.002542433367851477,0.0020789023183575865,0.001588880959969848,0.000999356770557061,0.0006290743543502126,0.0015757286067994447,0.0025973163784239017,0.0023341625276919607,0.0015680215807211003,0.00118407131199227,0.0006249906338442573,0.0015785788912775637,0.004194692014375553,0.003504061425996769,0.002228193777479517,0.0017728824424858276,0.0008269353683710342,0.0020483162744994866,0.0024739200181797464,0.002688554138727955,0.0017561013176047846,0.0011556745457677671,0.0006988262718969529,0.0015222420903112214,0.002381539013629305,0.0024378869699140855,0.001431397995065935,0.0013290588194377329,0.0005620209742627895,0.0014769770741907707,0.0024165999562973163,0.002219775383795129,0.0015070229455580579,0.0012672523763065716,0.0006119442604253904,0.0016237123449738644,0.002737008710884657,0.0026322782533926576,0.0014677509395624932,0.000999127518965286,0.0007530539865846614,0.0016060107168699223,0.0032143114823291368,0.00249858004876383,0.0015091234748056707,0.001230606558535989,0.0006562212507284787,0.0016120977751334458,0.002839116248188208,0.0021252075561985235,0.0014176825630397697,0.0009696806293338911,0.000610560194902063,0.0015326513585399149,0.0020574333379862076,0.0018534323837598424,0.0012130227493425405,0.0009780417359734517,0.0005284021676929529,0.0015433027188432868,0.0029679862461151557,0.0021070197918485072,0.0012874569714493415,0.0012394005734401292,0.0007475752572699353,0.0018052661693095406,0.0028406048994384443,0.00248812068293608,0.0016289667713122302,0.001127608297353075,0.0006801136985926805,0.0017438821953017303,0.0028260477946993254,0.0024539625062185455,0.001360968005806102,0.0012020151882081804,0.0007090440645549164,0.0016576589675322377,0.0028449839847661702,0.002859890993687356,0.0016266676315042838,0.001350552117994533,0.000652025383357203,0.0016461874569380966,0.003961516631544736,0.00405454382879893,0.0020722540946386636,0.0014223731481845222,0.0006266451410280363,0.0017201657928861266,22,7.0
0.0027930533904605994,0.001968838700502418,0.0015493950759515615,0.0008072243746853817,0.0006639945819052078,0.0014057516095739588,0.002635036708093821,0.0016660276358121222,0.0012495730748418611,0.0008383932448431411,0.0007325201260402543,0.0014445553321100978,0.0025718201855832673,0.0026807836904301145,0.0015116418559086582,0.0010596787716502126,0.0007090534296739609,0.001477830422166863,0.0026000053782321507,0.002335110744425739,0.0014527974586186698,0.0010190639021128698,0.0005980753355663232,0.001462626420566488,0.0026689473617744195,0.001745533633571905,0.0012919318945045807,0.0008451581350877251,0.0005698211756839353,0.0015667387770789774,0.002095514080649583,0.0015972904604817767,0.0013529916473270706,0.0008802461445802878,0.0005840860563073066,0.0016512224653733674,0.002879185558142641,0.0024547059478321844,0.0013711387420973996,0.0013059268367395596,0.0005722453220148255,0.0018189361226325208,0.0027721562799459735,0.0022607638913077674,0.0014125210659008624,0.001247573033607183,0.0005906912570171594,0.0016864168780243599,0.0023576324997259097,0.0021110562140547627,0.0014059196093340104,0.001149950373879211,0.0005667914852410262,0.0017869683003603463,0.002715588830673051,0.0019455926671442692,0.0014645818795493894,0.0009765589400549378,0.0006251654296679831,0.001712340657030399,0.0029938834625037425,0.0022011982657237756,0.0015184478910121892,0.001292373142901668,0.0006137237036441325,0.0018181109914742076,0.002486973737408673,0.003006777395219309,0.0014724378979399674,0.0015349625824920264,0.0006451821633544125,0.0018491476429421652,0.0026369950576980747,0.0019531074786352854,0.0013210330649517513,0.0012126600037440359,0.000560710915935071,0.0017476148095054169,0.002475624205959274,0.002123917368497192,0.0014037695001542247,0.0010906658422690477,0.000564370898013015,0.0015319543167308547,0.0022074763362634536,0.001961341921642516,0.0013984161689998892,0.0008635109175950278,0.0006985902894446412,0.0017080636624833673,0.002294790188067259,0.0018524412799098445,0.0015589256647948425,0.0009725247934932494,0.0006152090576841765,0.0015120870880696543,0.0021261853332134087,0.001892341172773203,0.0012364495974250748,0.0009621212207258633,0.0005920198420337123,0.0015027532431907847,23,6.0
0.0024420772703933023,0.0021778914709787924,0.001653950683569924,0.001303376041381434,0.0006534146874336158,0.0017231424957871084,0.002239748972817848,0.0022557998562170206,0.001612842298962516,0.0012111712588429079,0.0006209864357670497,0.001599307241033684,0.0031939028974047475,0.0026533128038832804,0.0016437446808916637,0.0013487982963135202,0.0006218693025554059,0.00184499286215102,0.003342399472459956,0.002102537370244838,0.0014830917763743096,0.0013554544752703492,0.0006456321318425265,0.001923085252473999,0.0030128336033198376,0.002315027941195934,0.001589086746230218,0.0014026180661317442,0.0006291821726935201,0.0015574052856493197,0.0027463303572143097,0.002247614078731985,0.0015485672993161598,0.0010134239145473476,0.0007036195114675509,0.0016898835928461512,0.0034341362718753243,0.002213247508044612,0.0016110261540332928,0.0013662955131551208,0.0005775623609374573,0.0015683040798101016,0.0035092648703935504,0.0022148275486954232,0.0017661325542890065,0.001308744525093522,0.0005504888667282429,0.0017276913278661227,0.003115498490257541,0.002206388618861555,0.001724002674038814,0.0012090974696807235,0.0006750669398256376,0.00158511330071663,0.00292587595641317,0.002286418369003519,0.00193538808706243,0.0012454118807879917,0.0007759358282409594,0.0018236195082986686,0.0026396827618784366,0.0022462717915988006,0.0017193602661501562,0.0012896350044835074,0.0005959878603570659,0.001825773085950803,0.003622098344062844,0.0023012656900251527,0.002017684894903776,0.0016877140538257807,0.0005655323862377666,0.0019139605485827599,0.002453137253238454,0.0021094994645472565,0.0015181371146657649,0.0015290397140073902,0.000590855354833003,0.0016660329374544825,0.002405417717334967,0.0021520730268814237,0.0016382234859524827,0.0012952955401874843,0.0005495733072822708,0.00166534882088262,0.002419795059415756,0.002001612472304481,0.001485431887810615,0.001090929852650636,0.0005369709310486199,0.0017102840715607147,0.0027156117748655217,0.0023761775674450646,0.0016542608047386647,0.0013114503740577395,0.000625679648454546,0.0017472506377963536,0.002619677590779199,0.0026243511162785866,0.0017005320926358257,0.00117313510916041,0.0006202770794309588,0.001717383306615064,24,9.0
0.0024938654793932946,0.002387813495197926,0.0014323779406190979,0.001259652402910054,0.0006398783691497566,0.0019066563659678297,0.0024237555754625137,0.0032453813336821733,0.0015963769841013415,0.0013521481341930736,0.0006307076599631593,0.002180321775291171,0.003279658268482638,0.0025358240765250037,0.0017879011991863013,0.001198351378171963,0.000591585649230491,0.001602522918130224,0.002878942146019669,0.0024990086188496343,0.0015791569243961143,0.0013932762576311394,0.0006420507510983936,0.001721904578086908,0.00277682955837797,0.003729327743814237,0.0014054839120551253,0.0013339445902872777,0.000701890959154905,0.0020933921647437056,0.0020404318625563346,0.0035032217712261315,0.0014233158534263752,0.0012622802088797264,0.0007327086430598176,0.0019237449857551206,0.0025627563449857234,0.0024401264489187684,0.0014086186238617567,0.0012415825843068939,0.000641585789469285,0.001570894781842197,0.0027935950169012077,0.002543370406432869,0.0018041774781143822,0.0012097826179587054,0.00061123045097535,0.0017625548470044977,0.0027887071560134735,0.0021086993184554204,0.0016232921183543152,0.0012926221150915895,0.0006126721914451834,0.0015379967815271603,0.0024686178677959065,0.0024493208025885265,0.001379627012661552,0.0012529737345589962,0.0006256800458642704,0.0019277021175823084,0.002846291205346612,0.0023663444557457144,0.0018097331126025874,0.0013874793279038476,0.0006161096506772752,0.001667651723734486,0.002713003477490663,0.0024779499635323807,0.0015318575582314443,0.0011320942276986502,0.0006362211997460492,0.0015744039558424129,0.002619090274888405,0.0022089512727862907,0.001584404712613385,0.0013175764415959365,0.0006370469499648685,0.0015210756154944946,0.002375558892378286,0.002261862571739326,0.0015467056252978372,0.0014145576105618178,0.0005739638691984863,0.0014918280234497991,0.0026423555926559667,0.0022712465326898855,0.0013592021581021023,0.001131885272942304,0.0005944238688560685,0.0016924052881178097,0.0022289723796891916,0.0022730804795162143,0.0012760640439874096,0.0012589302748628863,0.0006194847478170493,0.0016151133280917142,0.002124928012410543,0.0034355127324040653,0.0014901904455619076,0.0013806917435949374,0.0006086724943434568,0.0017873071786935278,25,8.0
0.002889863543806708,0.0025404014976748235,0.0015153046220561077,0.001346815714776925,0.0006208285987061623,0.0020388055195700873,0.0025238162283040466,0.0022224058185862047,0.0015554987261019644,0.0012586736125314699,0.0005739308307363591,0.001712190968283162,0.002904801000439184,0.002400547830867079,0.0014496550787739,0.0014818393977954372,0.0006677287846639779,0.0018170237057155158,0.0032047287098978636,0.002398429226922256,0.0016157296559414496,0.0014373969528854223,0.000653979116088746,0.0015412881282129067,0.002266069656664028,0.0022248000769352215,0.0015015920720875412,0.0012253108864063297,0.0006074223307588464,0.0018099986039793198,0.002486849948815165,0.0020494309473364242,0.0017700331910453864,0.0012743781331592242,0.0005932855350712455,0.0016949601616558013,0.0024728400889629473,0.0021959334688927815,0.001526857004235515,0.0010525950194953731,0.0005574920979615336,0.001879931454370522,0.003213893409841207,0.001994662828857475,0.001808247712393812,0.0010714140738539157,0.000592928356808277,0.0015216810140365716,0.002514937233485902,0.0023889162237112163,0.0016691630251021421,0.0012868914863757668,0.0005921160438733666,0.0016929302609859213,0.0031971125712956716,0.0026414663030072095,0.0013895100548367019,0.0013248847912130679,0.0006030876612419065,0.0016462064354667006,0.0029657466028642073,0.002311936799358426,0.001862116165010591,0.001549601483480448,0.0006351313685427128,0.0016374499617490019,0.0035508515554465545,0.0023141959012150898,0.0017853791266007144,0.0011865397566499427,0.0006168820954519475,0.0018179840062862909,0.002671148957780122,0.0020862182780314008,0.0015057271172573023,0.001122494921916813,0.0006380458308664649,0.001332222640542011,0.003270102102927746,0.0021145238927875714,0.0015794179502336872,0.0011867867246734471,0.000623584405967095,0.0015076893295039757,0.003362981220028708,0.0022382950432897077,0.0013527448709452162,0.0012083992471680317,0.0005657313120857828,0.0014286669820048664,0.0024092765646182555,0.0020347883317974966,0.0015422638332697866,0.0011822930180990492,0.0006065391856856048,0.0015951855929315067,0.002671653161284495,0.002255496999865442,0.0019520353499380438,0.0014813237509517557,0.0005932432302146364,0.0016456823187070175,26,0.0
0.0027909859718507047,0.0021949366842674823,0.0016334266380388673,0.0012498953986500839,0.0006200149507167574,0.0015528479329201454,0.0029513559218866327,0.0021778394075470772,0.0015686444514282595,0.001234686411248695,0.0005684043042985767,0.0014867077327834638,0.002421138270768474,0.00219516887550811,0.001814593814909643,0.0015053131131670587,0.0006277548606187553,0.001634759840233977,0.0028778497197320995,0.0025493870577614143,0.0015727260448027756,0.002081828960218075,0.0005806425565738435,0.0018142488743694092,0.002706201048534072,0.0024285524300387616,0.0019594401639219513,0.0015629250962450709,0.0006107769501623194,0.0017193341787908622,0.0028971578183641508,0.004365387996716297,0.0018987434566500722,0.001516142266951506,0.0006301294783876293,0.001866399635942136,0.0024675347656597877,0.0027220202482812162,0.001972550317895155,0.0016008762580415465,0.000684998991881757,0.0018643124459442584,0.0031937615057611615,0.0026677628195012925,0.001644458180767649,0.0016275554335725246,0.0006457103644272685,0.001586518653809112,0.002594434245696521,0.0023736677611416114,0.0015100628586532361,0.0013535758066022807,0.0005802887103812638,0.0016002917853196442,0.002824990046016703,0.00197094270010417,0.0017107606679836378,0.0015661202887342928,0.0005713727105978279,0.0016727743984659704,0.0030006892647539054,0.002243900395604841,0.0014350672765153184,0.0012426069507137116,0.0005872325775004956,0.0016044708677843283,0.0026700687954667626,0.0019216373492607674,0.0016344580294978346,0.0012449680519083838,0.0005854955242138069,0.0016157982908576623,0.0025229925567451794,0.0021686569486597976,0.0017497317851814327,0.0012625320862781554,0.00071527971486641,0.0015595831531416864,0.004013823510186102,0.005869818487653032,0.0015579918983788371,0.0014244995020392221,0.0007103248123299399,0.0018301485111497395,0.0023907756809578764,0.0023615241027091357,0.0015502773111365454,0.0013481956281923002,0.0005574801847697222,0.001430184501290348,0.0023455251602368834,0.002360241225401691,0.0014846468405422487,0.0011679202381608624,0.0006635179433778888,0.001654371918266045,0.0037490713648623618,0.0038374521349140754,0.0025917998402539386,0.0021890088451976563,0.0009442553798010161,0.0015940584955065212,27,1.0
0.003884612624494827,0.0030153657883048414,0.0018996555485534085,0.0012732503341146356,0.0006668540987577412,0.001652048443266149,0.0030083831217328034,0.0025661805673515815,0.0017908017557685403,0.0011704459630042271,0.0006590664638909447,0.0018722954651026267,0.004068135477439787,0.0027738519392438835,0.0020556215235922573,0.0014175007775164537,0.0007310309640857464,0.001632858726158746,0.0034082509005126304,0.0027874612552693983,0.0016570757588937925,0.0014030769974926376,0.0007284373049339176,0.0018678675473578097,0.004090860658991286,0.0029621657583268055,0.002097793875658924,0.001652417597588966,0.0008259414661761275,0.00203397085604441,0.004680160502201315,0.004106056150326769,0.0026900821584407253,0.0026052108433991528,0.0009463189727054071,0.0019002417988331793,0.0032925450938173667,0.002666701654761685,0.0015700875102756457,0.001453784788136377,0.000682137025933468,0.0017219198037825708,0.0032105687499378185,0.0027883723829285976,0.001962066017226556,0.0013838094036474932,0.0007115921594859737,0.0017961749796837078,0.0033744232134101442,0.003021469242259757,0.0015786136431978595,0.001420558338318008,0.000651321452143884,0.0019084050739979137,0.0027124984785556363,0.0025042769335516606,0.0015654070699079102,0.0012528399458937814,0.000681294769622477,0.0017467050495877238,0.00431656087668615,0.003704373607239503,0.0024231491191853806,0.001987952665470188,0.000739979895868282,0.002181918735861835,0.0033403684874380737,0.002735766743198335,0.0020908611447269534,0.0014291483150175174,0.0006893891390478891,0.0019516794293015817,0.00325095627654733,0.002393301026605177,0.0016453239344635042,0.001260193043010814,0.0006897474818839317,0.0017868190665407632,0.0041719988531264615,0.003464352039112808,0.002300268496838339,0.0013810827999227678,0.0008331802492548421,0.002127099339735359,0.003771449318558678,0.0034735911137376225,0.0021374021476793237,0.0014817668748826121,0.0008636369678173934,0.002007749695853357,0.003607270317891313,0.0033220769737693466,0.0020536507334263823,0.0016593114556077858,0.0007395575459007413,0.0020587663783312874,0.004998386031332467,0.004297704232476891,0.002829284791855733,0.0020294607605646662,0.0009684668375949449,0.0020512732009595113,30,3.0
0.0025249812022152085,0.0027114388094542064,0.0014511493181279275,0.0012103535633111115,0.0005846771802578976,0.0019441386822131828,0.002365045673440163,0.004323484335297243,0.0013809085028795973,0.0013724975112879725,0.0005723087580871561,0.0024772936696369685,0.0028227446512582616,0.003318042440492689,0.0012769094214572368,0.0013280263743519502,0.0005950453676285569,0.0018151845416324764,0.0028521164747946914,0.002702248810782404,0.0015757390393837944,0.0013673284169179278,0.000621450027207914,0.0017850243591738754,0.0026374767290167295,0.0037605657085359933,0.0016250455176155532,0.001271461522586097,0.0005951264631540899,0.0021090697234847733,0.0027234571173616845,0.00268203002205824,0.0014461088619637222,0.0013879375699136001,0.0005614363135216734,0.0018180815512713968,0.0022103469911416013,0.0023394568365996344,0.0015725585075952611,0.0011427526492055612,0.0005326171756038917,0.0017418509446737074,0.002774262932039193,0.0025748136109918596,0.0016217583347808903,0.0013743959517731608,0.0006022162282057288,0.001875936053207909,0.003667377175430025,0.0040279010112322594,0.0019083969849681593,0.002242734314250608,0.0006053336210861364,0.0018514052584928584,0.0039059271644248006,0.0030674411717818767,0.0020543211093099856,0.0015966166563848663,0.000585971184819674,0.001898139268226337,0.002538714210008145,0.0021383415929730654,0.0016104657019814725,0.0013484606634601556,0.000633107410082777,0.0016918780056523594,0.0032026269658651835,0.002379825594815705,0.0015904668923555532,0.0011798192948327482,0.0005889427567605203,0.0018056956354239237,0.002446432829719105,0.0020801196981354,0.0012390108502944883,0.001303548192118743,0.000563111888704825,0.001822297188710621,0.0026858130263655695,0.0024174534268224545,0.0015741165401236368,0.0013191602860315415,0.0005878273848853033,0.0018040367288020911,0.0019685241457352365,0.002448950648987484,0.001271538370370132,0.0010716487447822126,0.0005447810490655078,0.0017376340066753862,0.002724276422260825,0.00293614206318498,0.0017254736849933391,0.0014446922395045764,0.0005985799303624358,0.0018948555298277342,0.0024447009622439652,0.003317765428916823,0.001695414531673852,0.0014802628989164057,0.0005966281229835359,0.001851592633693099,31,9.0
0.0026575662191923497,0.0023091112957805866,0.0014071704851293255,0.0010174958228602858,0.0006373619068504945,0.0016618318798431373,0.0022763187740730668,0.0029358868720715196,0.0013688138792597448,0.0010179885404453142,0.000597306093157742,0.0018326219010996894,0.001976296777525387,0.0021012523676614625,0.0015654549200586013,0.0010911174687074708,0.0006708437936272622,0.0016532533008580767,0.002026130712566386,0.0023717385239209613,0.0014365174892740336,0.0011940271819272374,0.0006994293795183481,0.0016410289046804834,0.0021592108521969015,0.0030825927991131835,0.001314261726677828,0.0012780321905112395,0.0006536808340491132,0.0016849367627956302,0.0027779831156181495,0.003058030195017978,0.0013988121683425046,0.0010243989481087744,0.0006274564796447866,0.0016783269124991344,0.002409821949401433,0.0022338969297478815,0.0016265271927282613,0.001106726578603789,0.0007097597455770422,0.0017269425098713157,0.0027704192722182376,0.0021294478565484763,0.001895289625938244,0.0012956111883334262,0.0005765997350653608,0.0015817819145484756,0.0025733244716997943,0.002552551371084619,0.0015711509403013473,0.001191534854629364,0.0006437304078393057,0.0016272626153249626,0.002542839914962519,0.0026275824855681636,0.0014263840923888823,0.0011087680050422505,0.0006326665407443607,0.0018772623948989217,0.0026709179876346118,0.0021985464729499644,0.0015360044988349108,0.001412378711718742,0.0005769699304690364,0.0014668690144288604,0.002659730648277522,0.0025156749607272775,0.0017852805436423323,0.0016432118257445564,0.000599202411582112,0.001706792752435198,0.0020910865153498963,0.0026082305493330153,0.0011586202256631197,0.0011846625877354215,0.0006832303329067342,0.0017997631972725176,0.0031689871892117746,0.0020028822961479682,0.001886525232982616,0.0010746865069310018,0.000678364075098565,0.0014586877441064862,0.0017696562645825018,0.0024444924494131486,0.001222789410236019,0.0010459811319004086,0.0006455330383377851,0.0015986248489694961,0.0023616097058791804,0.002557803467627713,0.0012398163859147864,0.001106624256209007,0.0005706925216057503,0.0017785149644167113,0.002361155037678729,0.002732624752855599,0.0013277712315638462,0.0011518628270410583,0.0006038561462266662,0.0017702439567913704,33,6.0
0.0022015455463571445,0.0019628115231184753,0.0013811806544398468,0.0009963592236832877,0.0005410081639754071,0.0018467347395946653,0.002361025277801874,0.0031223776164515864,0.0013208761094906593,0.0010862043617409266,0.0006588008041197478,0.002026527690772577,0.003191938650859176,0.0023865931814887435,0.001644260587337018,0.0009825701015409231,0.0006068766633717716,0.0015976360697262616,0.0029552111218199475,0.0052498403968150335,0.0013335395942122093,0.0011538096670967197,0.0006245595202278824,0.002057119491697223,0.002644883231969124,0.0024294795431477174,0.00133501424026439,0.0010102113152218172,0.0006501758412396349,0.001637749542541475,0.0024820622033702314,0.0030961933185542924,0.0012933175079094324,0.0015543360595874297,0.0007188582962635931,0.001741112789580022,0.0025392951012211803,0.0023539725780471303,0.0012865399951856695,0.001467656544303434,0.0007286161355208729,0.0018596541652037366,0.0033716396189005762,0.0024796714318666615,0.0018046309256359715,0.001439125156562728,0.0006974751016192744,0.0017308983336920692,0.0024714427008535643,0.0017586569598981774,0.0016170861263800774,0.0011629888845380474,0.0006456483162533555,0.001900792330695996,0.0030757955012337777,0.002300555130804688,0.0018045554806237426,0.0012782914540011014,0.0006410414645050982,0.001808134541724945,0.002454319955046308,0.0022762171209326832,0.0015231895856331918,0.0011322881028242363,0.0007116870374369676,0.0016778113418266516,0.0022708581153199742,0.0019388266481253826,0.0014997375253187808,0.0013495148534104233,0.0006303491663977794,0.0018675383417540597,0.0029988282628464406,0.0031157741508073236,0.0019779704021356975,0.0024057868009880745,0.0007330237210010739,0.0016074437032542422,0.0030670002368843492,0.0029890665583333555,0.00191508065817726,0.0009923453653883742,0.0006024723877685571,0.0017433358170402579,0.002619287296471706,0.002815351338556827,0.0013795796624177397,0.001425210716194079,0.0006733067384529792,0.001546854550231043,0.00245876179814008,0.002497195520675975,0.0016907171891717742,0.0013251215726717135,0.000618354612724914,0.0017158172099733394,0.0024294513017571492,0.002478073134887705,0.001800547125039774,0.0010909279587825347,0.0007253320894291771,0.0016746908441983537,35,2.0
0.0021288641536526686,0.002116632259536294,0.0017567480779881362,0.0013668416942286237,0.0005919192128772535,0.0016362161563383292,0.0029616918430819972,0.002102382877044855,0.0017434822195854893,0.0015404563769709494,0.0005644388942801362,0.001668090600319839,0.002275865601731237,0.002395847672283621,0.0013352084913927037,0.0013498139110912411,0.0005573927047881564,0.0016963943620119716,0.0028471613651872563,0.0020971455093541,0.0017284732754976671,0.0012578839500759149,0.0005649442125610303,0.0016592333758222173,0.002285008871490316,0.0024472786572112314,0.0013864448288703009,0.0010924989696448801,0.0006001851568355811,0.0014998227919251106,0.0021366497657883464,0.0023930846495846506,0.0011055541701254722,0.0012280284212429955,0.000560880066604067,0.0018263237490587865,0.002895923797972171,0.0020815488077841346,0.0016151991659861297,0.0013237675991021667,0.0005580447126805169,0.0015818271236444565,0.0025231966289029507,0.002943546694777827,0.0017055388058988426,0.0014904052366429426,0.0005857000218902783,0.0016825403418350292,0.0022676011042332598,0.0032328373346068493,0.001612252372565553,0.0014035097955537406,0.0005951914821313483,0.0023967683386301544,0.0026898177178682195,0.0027764934003365713,0.0013513221003954494,0.0032881888521695325,0.0005619506862977955,0.0018138508851091827,0.002888790728650331,0.0023689708096843996,0.0015463198269451744,0.0012129780053957194,0.0005876971442475024,0.0014767120789669608,0.0031214923198260923,0.0023131174521919106,0.0017867244553291478,0.0010559473305831607,0.0005719596882402661,0.0015939467868146219,0.0029549771204937145,0.002389729653891065,0.001568201122957994,0.001316196390449727,0.0006180754450037276,0.0015101602994799007,0.0023775586865416817,0.0023270502250657354,0.0013531189516971932,0.0012448802819317324,0.0006591878547232493,0.0016655639454519428,0.0027975778470047197,0.0020372517895277643,0.001478632207226825,0.0011847253596642617,0.0005286685233170079,0.0015865942368696333,0.002310343601285054,0.0021073354002139424,0.001628116454412509,0.0010642383880360713,0.0006132647772474809,0.0016465431008879905,0.0018671292767915143,0.002057260054314528,0.0014191021626180995,0.0010170309465575046,0.00057227350781309,0.0016502136415480712,37,0.0
0.0022804250251326074,0.0018943601373851652,0.0014460930751641651,0.0010164421555431279,0.0005376629369322935,0.0017279391325039392,0.0022742143268049807,0.0019820696186258068,0.0014307764070472457,0.0009706086846600862,0.0005974004995976092,0.0014767897422779891,0.002923503980406289,0.0027024263950565764,0.0013958176305326681,0.0012314494052652223,0.0006445487661753721,0.0016133292447165276,0.0019916027556968136,0.002601772151693602,0.0013657587900579376,0.0011367762824976136,0.0006546696123652292,0.001509010759900883,0.002368607817477261,0.0029943277911943615,0.0014951196838335881,0.0010052222886195697,0.0006692737614515634,0.0017551882219355277,0.002786336994166887,0.002334818205933628,0.0014033554254757094,0.0011649571981785984,0.0006656949818149222,0.0016563903370457817,0.0026414024164509876,0.002204759839751059,0.0015239072406242544,0.0010745035505303109,0.0006323547169244824,0.001653742480584337,0.002575025660110267,0.002359963414238345,0.0016514305702646432,0.0010557018023720818,0.0006505111827952806,0.0015554297281768492,0.0027609426940695928,0.002730449252296995,0.0015272233182432459,0.00117697638116195,0.0006368006868599076,0.001770783207060961,0.0031231678142409325,0.0027627154135548486,0.0016120320764803136,0.001481807662571775,0.000643586886604163,0.00201794166016716,0.0024925268460872013,0.0023604158185010966,0.0012797797479112097,0.0012313540021663075,0.0006545335722725857,0.0023327069551700988,0.0023531183831517794,0.002140634776357165,0.0013243657251536328,0.0012955967788715246,0.0006184194075912546,0.0018677729031803105,0.0026636739961756997,0.0028312098245484225,0.001876164043470576,0.0015394533824939966,0.0006088083728360088,0.0016321086617462363,0.0024883208248043798,0.0019470023799705429,0.0013135657859482757,0.0010507140927391476,0.0007138229991823107,0.0016541013926767846,0.0023561452961742835,0.0029488912045849257,0.0014039166467470724,0.001067898749547666,0.000622558471615822,0.0016895006536711893,0.0019235239757385322,0.0024982883598092883,0.0013575513599210622,0.0011158935954827696,0.0005967810298817996,0.0017223511090000319,0.0023233857387340647,0.0026867020551694285,0.0014697402697430295,0.0013336753429993669,0.0005495104691727705,0.0016113171754500752,38,7.0
0.0026682511641469672,0.002055017921553556,0.001324934218220607,0.0011511382066122493,0.0006142693641450402,0.0015745424658716606,0.0027918389659659184,0.002082173497192607,0.0013623187286651856,0.0010515017170426746,0.0006529426333157547,0.001555010638252352,0.002616241163084017,0.0019371643106712872,0.0013724715153168605,0.0011757897388654174,0.0006538035997468807,0.0016137987650311572,0.002403600392338443,0.002105205387402166,0.0014288520321711783,0.001221481814567865,0.000729894386514933,0.0016543655904184863,0.0021860414638193992,0.002280933340017133,0.0017380819997427253,0.000871961000138426,0.0005954009441172253,0.0015809448886649514,0.002852605004189141,0.002010481136041651,0.0016514243905945498,0.0009575763208980606,0.0007063183404523732,0.0015412441049112312,0.0038392791107972933,0.002773097798811535,0.0017854822429209931,0.0014480011484624864,0.0006141167962691154,0.0015893734580691217,0.002495304840203955,0.0025788568008626406,0.001952572057832926,0.0012699117726225578,0.0006875463541487413,0.0016272143176195627,0.002323375690217004,0.0017902516217135095,0.001428878631978868,0.0009303895311331429,0.0005707217891117631,0.001518346097998776,0.0023080698558732146,0.002111590788986563,0.0013161185007416589,0.001049016672485146,0.0005490489698217454,0.0015097334228795381,0.003147439213154306,0.002535039452759972,0.00152830461834191,0.0013435534926682573,0.0005685988508447875,0.0015348591873759726,0.0033516171383962067,0.002485512509479708,0.001796215502926739,0.0013755498681771398,0.0006105784388448334,0.0017728622900144283,0.002521345491517753,0.002563111859764145,0.0014413691846141931,0.0012130376620689979,0.0006521134747238368,0.0015323999703706472,0.002556203854827996,0.002184967626971102,0.0013020766517931966,0.0011404601117756552,0.000662018997249895,0.0014830565261178621,0.002431573009678087,0.0020050358879810863,0.001554838048902717,0.0011490303822205181,0.0007390591395664548,0.0018248259377538116,0.0023204801669346915,0.0027087907101556244,0.001597387848886862,0.001475996940236715,0.0007598882333183793,0.0018180093174557004,0.0024424695463144837,0.002138703295538313,0.0012891162111622401,0.0007975318411196885,0.000626100099053123,0.0014331224566704406,39,8.0
0.002527141665754907,0.0022858666298073912,0.0014045974360815006,0.001065778001825352,0.0005525235950794319,0.0018744021171447336,0.0023198667028724628,0.002359151303655308,0.001553821998956494,0.0010918504622237778,0.0006224130397415842,0.0018428535470208084,0.0022324614787732006,0.0022240310627388332,0.0014020793140774898,0.0013871151629476336,0.000578367123188643,0.0018626639455472241,0.0025265328248486665,0.0019472795375766517,0.0015371648356006522,0.0010849527854631003,0.0006353678321257257,0.0017824189954761174,0.002196144314902539,0.002232088280762395,0.0013273185852002221,0.0011014408365634862,0.0005934894890476777,0.0015999234565598475,0.0021311248432697785,0.0021105048998364346,0.0017048262023895058,0.0011851505953929375,0.0006634134478670046,0.0018861808670218826,0.0022806948479235376,0.0019955054138077522,0.0014909514127106707,0.001123832536475857,0.0005656989113819419,0.001479759423805243,0.002376614426058747,0.0020959053257891703,0.0015595037951166115,0.0011407953391481323,0.0005299455341343099,0.0019787510685384244,0.003001905794770126,0.0022737489060148004,0.0015286251935894381,0.0011603710836206897,0.0006030618096678587,0.0017438959204382715,0.0030716954953032938,0.0021562615070821185,0.001449169544697838,0.0011707898393141368,0.0005998756876870843,0.0016401646799702292,0.003434738558208778,0.0021000792109352744,0.0017352778126999314,0.0013546772375052217,0.0005537796358423269,0.0015501318405293533,0.0030003289554202395,0.002366787722966794,0.0016010395627848017,0.0011537491730987594,0.0005790364454671919,0.0016863073040789065,0.002898129474250287,0.00245390964469357,0.0014009825876097953,0.0012515041955204898,0.0006012041842603712,0.0015827468854729037,0.0029138939938437333,0.0022364189891292173,0.0014315876360072306,0.0011264705842644474,0.0005632581731197496,0.0016635027137914355,0.0025662230648630046,0.0020778762028654343,0.0013523407579130095,0.0012498351996770983,0.0006107245522186746,0.0017643235297225717,0.00204637272889635,0.002150409220931839,0.001400880540496765,0.0011678427904909098,0.0006201051519586942,0.001614239770774946,0.002259076862027396,0.0025462067653786386,0.0014278561342519066,0.0010198633713010563,0.0006201913652982161,0.001741839141352827,40,4.0
0.0020846349147858323,0.0018970065623746125,0.0013651906705674907,0.0009919892442571833,0.0005935780724888635,0.0012959611841560862,0.0022353217390221575,0.0020781811091927305,0.0014933937706923899,0.0018928377443744686,0.0007830728555938006,0.0016318792598779659,0.0021840820298694268,0.0024537090366845626,0.0017219122106584485,0.0011771642894198985,0.0006699654115012272,0.0015262375550352575,0.0016971604877669027,0.001974850846469063,0.001147964552089727,0.0014815771359631123,0.0006165037664447421,0.0018477009516324155,0.002544920862322756,0.004326664399038383,0.0011612231753845477,0.001736126132198767,0.0007418679306597893,0.0017757654560809936,0.002437707582885053,0.004611715602157594,0.0017076503581727955,0.0018567537158450387,0.0007013748512195717,0.002338546865592666,0.0037327546619145254,0.002388680921281998,0.0014348425328360422,0.0015407638994760682,0.0006674643779721548,0.0016645100255685446,0.0019817608661142454,0.002261583533227225,0.0016136513484268737,0.0013651659649670206,0.000752931291028597,0.001888163734535354,0.0021548265578149963,0.0031224107609287895,0.0013438584587692546,0.0014045757890894424,0.0006933997511205143,0.0021005774820425094,0.0032558150463586396,0.003452566418127412,0.0017690841389198467,0.001477837999263228,0.0005850469559954936,0.001580603331120359,0.00261333127230411,0.0026588071637970827,0.0017894502438730718,0.0015399585157697233,0.0008349493108927007,0.001841513276890004,0.0016989082311184857,0.0022439968119720975,0.0012709582127698063,0.0015773944175351432,0.000558009532019925,0.001650905049537767,0.0025726827777431617,0.0022467135519697668,0.0015446606866520811,0.0010212397463308163,0.0006248302288540094,0.0017017236274397842,0.004731727512112662,0.006261678264171773,0.0017670425547004936,0.0019485722856350846,0.0009907648837728206,0.001733163959932811,0.0016458951053825047,0.0021781326417890153,0.0013882305777277025,0.0017354032539662928,0.0007943387409364738,0.0016436005657171917,0.0018962877826245754,0.0022960208354934116,0.0011602048232895272,0.0012922707125323136,0.0006536824598684628,0.0021253243106144123,0.002727806004361246,0.005096768398635805,0.0012027414597272715,0.0034733595464743936,0.000657824868048514,0.0017092335014370036,41,7.0
0.002041513358956962,0.001873266513090744,0.0014483587298391365,0.0007878630635990608,0.0005534929667595878,0.0018986766534635324,0.002929299284772086,0.0018824526117823721,0.0015090619488960773,0.0010522795554764434,0.0005539333135126908,0.0017058288442506132,0.002792116941391461,0.0021312629012515197,0.0016588139906498567,0.0011238873731403138,0.0006051987366940681,0.0016770306990588587,0.002469536468190665,0.0019846124888814563,0.0013734745833015331,0.0008266993364692895,0.000709048503267957,0.0016039836055430608,0.002738713605516187,0.0021095391033094718,0.0015197683105905428,0.0008547308233735544,0.00069589152149575,0.001464368663080828,0.0030682816437020517,0.002033322983686142,0.001484613879115257,0.0010844339658172175,0.0007076745060165964,0.001860687292947012,0.0026699231802661204,0.001776576633879046,0.0014666698869787401,0.0009659122499756393,0.000517483816814796,0.0015061559026845954,0.0025551217287078107,0.0020534326042582762,0.001431255024006935,0.0010124309174686704,0.0005649347116590925,0.0015974614219466676,0.002430367663720323,0.001726442528228731,0.0013470337327851308,0.0008851249047713492,0.0005554766374499485,0.0015412233876886487,0.0023243784186928163,0.001984544002722352,0.0013678215025298372,0.0010543219136388245,0.0005350092377125156,0.0016914714746270336,0.0029350013163849634,0.0018276391170998784,0.0018332244658638593,0.0011943225541824738,0.0005132511644035796,0.0017657041031277725,0.0024759113255608985,0.0022540918548066592,0.001295025147503966,0.0010121386685470835,0.000570335207146798,0.0015913586776928742,0.002519324202190815,0.0018781165481976548,0.0013854300046152557,0.001054155268425525,0.0005990810650339072,0.0014831130207248811,0.002083780634633604,0.001809329258658365,0.001491628329332278,0.000946652255856741,0.0006664706908648473,0.0016492026433047957,0.002826602676974487,0.0023643846892747048,0.0016522333527807394,0.0011647795173939813,0.0006332253353317302,0.0016356453167141582,0.0021359653198094962,0.0022956962543471673,0.0013186240093810326,0.0009402930382655918,0.0006769864825858549,0.0014800089208759847,0.0028807088467532106,0.0021521778374389475,0.001385232609729056,0.0008751014531630687,0.0006781261054846609,0.0015241514544456695,43,6.0
