Hjorth_Activity_F3,Hjorth_Mobility_F3,Hjorth_Complexity_F3,Hjorth_Activity_F4,Hjorth_Mobility_F4,Hjorth_Complexity_F4,Hjorth_Activity_C3,Hjorth_Mobility_C3,Hjorth_Complexity_C3,Hjorth_Activity_C4,Hjorth_Mobility_C4,Hjorth_Complexity_C4,Hjorth_Activity_P3,Hjorth_Mobility_P3,Hjorth_Complexity_P3,Hjorth_Activity_P4,Hjorth_Mobility_P4,Hjorth_Complexity_P4,Hjorth_Activity_O1,Hjorth_Mobility_O1,Hjorth_Complexity_O1,Hjorth_Activity_O2,Hjorth_Mobility_O2,Hjorth_Complexity_O2,Hjorth_Activity_F7,Hjorth_Mobility_F7,Hjorth_Complexity_F7,Hjorth_Activity_F8,Hjorth_Mobility_F8,Hjorth_Complexity_F8,Hjorth_Activity_T7,Hjorth_Mobility_T7,Hjorth_Complexity_T7,Hjorth_Activity_T8,Hjorth_Mobility_T8,Hjorth_Complexity_T8,Hjorth_Activity_P7,Hjorth_Mobility_P7,Hjorth_Complexity_P7,Hjorth_Activity_P8,Hjorth_Mobility_P8,Hjorth_Complexity_P8,Hjorth_Activity_Fz,Hjorth_Mobility_Fz,Hjorth_Complexity_Fz,Hjorth_Activity_Cz,Hjorth_Mobility_Cz,Hjorth_Complexity_Cz,Hjorth_Activity_Pz,Hjorth_Mobility_Pz,Hjorth_Complexity_Pz,patient_id,pain_score
6.663826275231996e-12,1.1740702565224708,1.1699639598093199,2.0542411046168954e-12,1.209867821654822,1.1934513188757743,1.469548967615815e-12,1.2215755733438936,1.1719156438290645,1.3590849260730634e-12,1.194093103972814,1.2008526600282363,3.355436852188849e-12,1.264125319501275,1.1710428026422677,1.7753555206978797e-12,1.1920816539230994,1.2081987918774393,1.8897336588572168e-11,1.3138968814747358,1.1488126843146278,9.827898419327248e-12,1.3271483604328613,1.1405868708243325,5.9517143910581756e-12,1.2417944504906453,1.1514304241442148,3.930439180397787e-12,1.2471705758357268,1.1719247553949321,4.8918883671928965e-12,1.29117195672958,1.146764274891873,2.297019571137324e-12,1.2686397494182176,1.1793714800610315,2.653617440601616e-11,1.335681955132559,1.145426019159867,6.9119070869801425e-12,1.3396129894148636,1.1361773490235256,2.2687048162524973e-12,1.15425322155849,1.2116414642713453,1.4101141905154675e-12,1.1573485571079811,1.1972759576276506,1.7741304357221759e-12,1.1138636345993715,1.2449554164808858,0,7.0
2.1994318385173354e-11,1.2984688560028985,1.1476917126536292,4.3161069371337855e-11,1.3188715213241955,1.136471621616997,7.786268592949651e-12,1.3474642211977126,1.1492908926261751,1.1946636000450833e-11,1.362724982620526,1.1325955831944776,2.9519121816943244e-12,1.2005303527382818,1.196749425767947,7.130367965719681e-12,1.347060438232094,1.142889917231262,3.716186295828631e-12,1.3525310635682517,1.1260221849066332,1.4486424812938616e-11,1.4181319879510255,1.116893186410245,1.6693967474288576e-11,1.3512179455305968,1.124266127520689,1.5306606572761465e-11,1.356450861194138,1.1067257270968696,1.1552584096647284e-11,1.3370069703117768,1.1397910107960119,3.318352334981656e-11,1.3796155916624613,1.122546003771874,7.605551847090655e-12,1.249223775906869,1.1734836549362357,1.4408184005296155e-11,1.3339450329411369,1.1467184613369892,2.0000891838631435e-12,1.263138179500623,1.183656745049538,1.9701782366508726e-12,1.1895123053941716,1.19347049340092,1.933751431397243e-12,1.2807536519190226,1.1490736713658287,1,4.0
2.005653330548643e-12,1.024712658195494,1.442982900233216,3.053654067064296e-12,0.9602128318970131,1.4693764478126745,1.758415733928311e-12,0.9303901566966348,1.4639647305747938,2.0071062976923783e-12,0.8546610592248756,1.5352921688309524,1.701970420380221e-11,0.5550475573940256,1.9358423993425955,4.46745149494448e-11,0.4752008199405203,1.9740012240621194,7.477730968615121e-12,1.37043195220569,1.1403638918412549,1.568165025360788e-11,1.388541632159554,1.1316209773760206,3.201896933043157e-12,1.2260029009910456,1.1848451448021764,4.534351434612099e-12,1.2693645748412192,1.1223332491039155,1.3240594216740628e-11,1.142424178604024,1.2054776378770047,1.8567134009556856e-12,1.1045384076146956,1.2989598571516985,3.575696685857407e-12,1.16498610166193,1.2937658023444234,9.622561307233577e-12,0.9504604614557096,1.515666631772159,3.0100531993578775e-12,0.8272291150906832,1.6927309218933433,2.148487763119643e-12,0.8256601235194929,1.6461250525034632,3.4503066074630106e-12,1.1015076626226683,1.38164638788291,2,3.0
3.2898727583336782e-12,1.2875790552801698,1.1475724320554002,4.037916008615046e-12,1.2566452812942448,1.1888363085173252,2.642164251119688e-12,1.3241417492680536,1.1720510534412871,2.6237135068499448e-12,1.3197585666288048,1.1598148741470333,2.21189091538855e-12,1.2631519213728721,1.1674386762903433,2.1767739127474543e-12,1.1987736752906069,1.231677151256556,7.029011684597625e-12,1.4201995275955217,1.1271032136543329,6.3506282309613705e-12,1.4487492626468812,1.1145999772044404,3.468907133712038e-12,1.297764607275084,1.1339593810537698,6.564169480521256e-12,1.3119727014137204,1.1264585405282785,2.567709025056031e-12,1.2380655311779951,1.2019168420525383,4.584422614650998e-12,1.3156304479969552,1.1485558360609238,2.237235104783857e-12,1.3280961031736327,1.1630494641881381,2.9075659170027407e-12,1.3870951848542876,1.1328460335335773,1.0995869966068434e-12,1.1985544307080809,1.2144368171767348,1.0618504020812868e-12,1.1394449712775683,1.2550817201361446,1.4404382315548276e-12,1.2344420173905666,1.2185088068701795,3,8.0
2.2137909816210716e-12,1.2945742392690298,1.1579570436865465,2.5055010372965523e-12,1.2499064378086953,1.1506651138843442,6.962110504649076e-12,1.3000946055447027,1.1573810215605598,1.2061720230673533e-12,1.138317298532532,1.252703185354084,1.286447712549482e-12,1.3002633297306454,1.1495799809019227,1.3239206046252e-12,1.2241683944600856,1.1763996426180061,2.9767729597559153e-12,1.333104463557886,1.1423393431156037,3.1050696662408795e-12,1.3212155644149983,1.1438557689026136,4.311021452582168e-12,1.3291679441374766,1.1478981563882324,2.4085618837037776e-12,1.2899615087470526,1.1690482280222023,1.687627395761601e-11,1.2894906365119978,1.1499541776214508,3.623042484014336e-12,1.3270161144155788,1.1428096074281437,5.923958274141374e-12,1.288003992792614,1.1563845387684177,2.981142029932045e-12,1.2755973781034524,1.1523010265311948,2.1869297410157386e-12,1.0307983121578896,1.320558020243331,1.2140452902768774e-12,1.042265278919093,1.290591896044322,1.0033367048427157e-12,1.2093189240247193,1.189552708936338,4,5.0
6.4567444845428055e-12,0.753429677341762,1.4653724900981462,6.514248764055247e-12,0.8206235458733704,1.4372104143770537,2.430530554082437e-12,1.0104499187511373,1.3898467717509169,2.5559991977608354e-12,1.0835098875156242,1.358772029769076,6.6235948240622684e-12,0.755202965301758,1.4633641892800582,5.5361719639277575e-12,0.8448461744108956,1.4701367837523391,2.852861432475666e-12,1.0587420819844737,1.3204380328215888,1.4302247464526797e-11,1.338766722550362,1.1434501957703116,4.6188691980340914e-12,1.0706595065499793,1.2814684204186901,5.915453358683742e-12,1.2387287902612816,1.1499980826044174,3.386099252126371e-12,1.0842479234931626,1.349737118056566,3.214944966299423e-12,1.1788367211290096,1.299309689516043,5.459561665068531e-12,0.946563543226694,1.4235684003327231,5.54264339544671e-12,1.1254029568457706,1.3008199448764093,9.315743271064534e-12,0.6574210185365116,1.3897856197513387,4.253857767710269e-12,0.6921226860027994,1.5136555424711255,3.5014938720013524e-12,0.8966195503371831,1.4046893790710233,5,2.0
1.624875919104841e-12,1.2031198889406556,1.1767742295943155,1.6279559358701112e-12,1.2017283468626894,1.1632950980902266,8.223239217615619e-13,1.1246967900139075,1.2469394012515504,8.710596851086855e-13,1.1061839539620708,1.2553687568536782,1.8511791362394023e-12,1.243652337965794,1.1777859714357692,1.1154507811450322e-12,1.1323469003214293,1.3393261141562767,4.244765609179317e-12,1.391588915633124,1.1129098535598383,2.7649422561647713e-12,1.3738929476611983,1.122990829824001,1.5389927449753437e-12,1.3047943556730734,1.1428410779122469,2.3364605351352993e-12,1.309658959913994,1.1059330048880518,2.542601877760557e-12,1.3402805649780545,1.1429613799640272,2.259007792132176e-12,1.3742045136175118,1.137777523439451,1.7348363370524646e-12,1.277850228339397,1.1778920204329337,2.685718365331902e-12,1.3708048271062725,1.1407629722403003,1.0580524934664955e-12,1.038836451145891,1.2993948149602945,8.242004165866095e-13,0.9796167783603487,1.3272380252037663,8.383920105584875e-13,1.1298572257649373,1.2247691953719941,6,7.0
1.298222902506185e-12,1.3865135792500571,1.1514740031274184,9.551277805592413e-13,1.3895411067314296,1.154426107949063,9.055015511193885e-13,1.3216711124474814,1.2173166635867356,9.925304256862162e-13,1.332157459497842,1.2041314371239678,2.3196624976097054e-12,1.373180080486242,1.1653702870882912,1.95859201979001e-12,1.3070631327068827,1.2331617213137216,1.9217315360209715e-11,1.3986064393559035,1.1426144900494732,2.554349880074055e-12,1.3701120541375922,1.1630835896216434,3.4034887076485216e-12,1.3661985486218016,1.159961038928924,1.9285898671761626e-12,1.409702585702874,1.143433367717811,1.2694342122186687e-12,1.395836836535255,1.1520322437589559,2.6165792429526115e-12,1.4038146515936063,1.148166416837513,3.925946669390655e-12,1.4213844546012933,1.1344075823846282,1.8831506374027086e-12,1.3807793853468135,1.1604874894358104,1.0641876527727278e-12,1.3574048395602738,1.1838232425527098,9.751795562391356e-13,1.3193976516571155,1.2096441944887006,1.2580366345154544e-12,1.3575056784926027,1.1825308229256117,7,3.0
1.548629405489827e-11,1.1402776128860643,1.2427188602329293,1.979025737430195e-11,1.1498445867258242,1.2420708707928427,7.952087814568096e-12,1.1579097138354462,1.2597696332315371,6.223499483472372e-12,1.1015620983598455,1.2815543365984117,3.732684986964551e-12,1.0517455072483244,1.3167158087249484,4.790157150487995e-12,0.9244483944823676,1.323476515930615,3.746102820633615e-12,1.1334821488556193,1.2707533940759752,3.177793911687543e-12,0.9852884279947217,1.3306129252192602,5.009812351864378e-12,1.2119960377839896,1.1834892893678928,5.587714456593382e-12,1.3357587560839381,1.169146976628438,7.994077305973022e-12,1.33959144220444,1.150430813258647,1.3229588975448067e-11,1.283130485719912,1.1616458052610175,4.864821439905993e-12,1.2102109053668846,1.23362634570374,3.3906524886258725e-12,1.0330892283573403,1.3160002252833125,1.3551767138094684e-11,0.7778241932084161,1.2628214013546595,1.7738764665569976e-11,0.6922814688052966,1.281732576498726,4.062051123845725e-12,0.8459696828497448,1.3049457109533493,8,4.0
1.1362360535119578e-12,1.3461639251609976,1.17961168506463,4.8879889865144336e-12,1.4018125004215694,1.1226189035931664,1.3060282789663434e-12,1.3825735901292195,1.1511994948073747,3.2445220752521758e-12,1.3990315466615095,1.1265322062622507,2.373962278475234e-12,1.2793246910097829,1.2254146068214475,1.746848280530577e-11,1.3896935701685746,1.1222371355411283,7.063757061135916e-12,1.3833945449744696,1.1324600955669737,5.005306828295274e-12,1.3912934429221782,1.1267310503703023,2.152800277462776e-12,1.3964988628155208,1.146835346198295,2.2413654028959654e-11,1.3982210129105805,1.122759411322194,5.604820172272259e-12,1.3951708901098707,1.1366746249735393,4.797377743829487e-12,1.4058617297920144,1.129017777737244,6.996272250877731e-12,1.3820641592036542,1.1373114490722067,2.460077798612289e-12,1.3424946364191506,1.1657404778425293,1.7266490263685802e-12,1.3510539418908865,1.1572453271459022,1.2394590051547491e-12,1.328520095294389,1.1773599016166962,1.6424466809965807e-12,1.2471594683318281,1.2482546114320598,9,9.0
2.216889597713672e-12,1.3608662074085456,1.1534987557243732,4.704311375870718e-12,1.2247927015635252,1.2140055337098445,1.7219159652391116e-12,1.3113134885076574,1.1826123662110588,2.166739543616154e-12,1.2333596314742081,1.2091484226080336,1.118276935427938e-12,1.298513053482231,1.187104322485772,2.1638820294661305e-12,1.327087266441199,1.1766163526338433,2.4389261180840953e-12,1.3613733229747345,1.160150727116182,6.513528555551636e-12,1.3891897438629854,1.1441411399042754,2.0419951603264444e-12,1.354828686402183,1.1611703239224536,1.023396941792359e-11,1.2646275751983214,1.196143001461395,1.1730279316748531e-11,1.3449106195213087,1.1623481429793643,1.223479428779124e-10,1.2382287497943485,1.2103717683685014,3.3452856341664974e-12,1.3901414952720954,1.147478435521991,7.836232346171183e-12,1.364683658495197,1.1587020361161358,1.2682168892234836e-12,1.2434743279189733,1.2169240004846398,9.702317126639528e-13,1.1645992014212758,1.2634837435992465,1.2826539731706588e-12,1.2925642022462167,1.1857827838759274,10,3.0
2.4679496442226673e-12,1.424662244827167,1.1353526763007828,1.3638578314539426e-12,1.3673122831772782,1.161870813766314,1.1727703213585735e-12,1.378473777565189,1.1507932318898397,7.944988717279923e-13,1.3269237154203066,1.187701045043435,9.841274926353391e-13,1.3050643949934886,1.2083796089394157,1.3448509785528195e-12,1.3908824580760943,1.1494786426747294,4.3620274933634055e-12,1.4047854089733545,1.1374796812117174,1.0963708438927587e-11,1.417291476982832,1.1335375478300562,4.562068677162679e-12,1.4375387841674412,1.1278003084041224,7.021821655823281e-12,1.4763393109692367,1.1177575563696682,1.634543734653787e-11,1.4522005496767927,1.131359969351702,3.1073788410302374e-12,1.411441693046689,1.1440238426152582,2.098867735028423e-12,1.3675290737554033,1.1619267397006907,5.209575348928609e-12,1.415071340975509,1.1354793723666607,8.528920164545283e-13,1.315052021629293,1.1934304676232508,6.61259465624358e-13,1.215294645099561,1.254175958589758,7.036587461252995e-13,1.3264937463224136,1.186913280976421,11,6.0
1.0693029854166634e-12,1.1675045567749267,1.2388771926615334,1.388536246845513e-12,0.917520315573605,1.4320200664328135,1.4651761726450994e-12,1.0136297915611456,1.349393529820898,4.003055014242315e-12,1.1193897878360402,1.2535300815763861,2.830094629298613e-12,1.2489827068550694,1.1388544036499164,1.2089133689582048e-12,0.8365658961962518,1.5251628293222625,1.0574834144334252e-12,1.0700164614288787,1.362970227420407,1.109080597786581e-12,1.112434371943561,1.297494447932498,2.148293768250613e-12,1.2602421108436428,1.1721828672161954,1.0102124170590071e-11,1.3479497186060405,1.0610268634446582,8.715541276675519e-13,1.1197971217410354,1.3550310854706278,1.0286794361616213e-12,1.0472557986371103,1.3696224503728187,7.860046120737732e-13,1.079963383256982,1.3327447812915503,1.3919585698369943e-12,1.1389106023514026,1.288664061596564,1.6817497750863324e-12,0.7921785370933406,1.4839525544911125,2.4814166706792857e-12,1.0793494604823695,1.2747393019424693,9.94462438371876e-13,0.9203986734976405,1.4361875264140807,13,3.0
5.0666602502921154e-12,1.2960035315981633,1.1023932540310455,4.063537814760215e-12,1.28305273922944,1.1153099185814195,4.187865004568885e-12,0.9404769910628117,1.412767519165328,3.6307901108547157e-12,0.8657012571435145,1.4281636934273156,2.33881987656242e-12,1.2195736295850457,1.199678964191075,2.5818574457410157e-12,1.3081105766208712,1.1445695180848063,4.383530805491211e-12,1.3701132702216954,1.1217354766344136,6.357093962851656e-12,1.403697923862227,1.1154148980939123,7.1887688786381035e-12,1.349419300608699,1.070807066378038,1.0424736706703314e-11,1.3572711906419193,1.0564128382885243,5.751795183013551e-12,1.4173441194440357,1.1239970444929532,4.871451176360761e-12,1.310436408324893,1.1603680746237384,3.890249266467089e-12,1.3815580062941832,1.1325001631974632,7.072755888201598e-12,1.4246017291519797,1.111563673575197,1.6518625603296538e-12,1.1500535296288397,1.252512649086521,3.2645528218996248e-12,0.8125630993651737,1.4570379313019193,2.836141363256947e-12,1.3295796948227667,1.1294422982743542,15,8.0
3.1035986143160805e-12,1.3202243776765847,1.0614198704486981,1.2970113625163034e-12,1.2476568506567898,1.1206921915792245,5.176598395143334e-13,1.047013035241797,1.2613505920167873,6.17628350938757e-13,1.0272537718933192,1.2486270381927753,6.205636465376361e-13,1.115169004424239,1.2295302573035822,7.318640575019375e-13,1.1370603903008707,1.2121217048697381,1.852401963841386e-12,1.298642919285415,1.146469983553797,3.820426721740558e-12,1.355427005740253,1.123190935060529,1.9237848088930374e-12,1.1219276767001387,1.1785037421432825,1.4011852893539128e-12,1.2798089056558604,1.1323983315349924,1.7528539527100636e-12,1.3023272683928917,1.0987559345062703,9.793443874267934e-13,1.250562536866442,1.1565121078627443,2.6710356537414783e-12,1.3193687008863353,1.1508376099304147,1.6384536443355116e-12,1.2695823157015869,1.1436536945431204,8.008492917525774e-13,1.1551685131493041,1.1616038087820544,8.666131037229028e-13,1.1950543003710998,1.1207432770875843,8.705169928639277e-13,1.174179571226778,1.1711978555180533,16,5.0
7.930167340197545e-12,0.9916376992792844,1.2800134526290303,7.55186841960734e-12,1.1949785271887916,1.1651439834327115,3.5137544214479768e-12,1.0190555906400678,1.3596117089605222,3.3244018304939734e-12,1.0742904985075232,1.2512238027397118,3.3271434959498518e-12,1.036739142662395,1.2619790667881137,4.0425647448431796e-12,1.2479249953166562,1.2083161251917074,7.467969964701587e-12,1.316952040967858,1.1556598608858226,5.220214011605195e-11,1.453553864961641,1.1134287382605155,6.5963084227768666e-12,1.0286697997646528,1.322392007979653,1.0344364008096494e-11,1.3238969514233285,1.12283580458165,3.4154274087718895e-12,1.1505493387266879,1.2751332296267865,4.032048885514298e-12,1.0834851552031197,1.280657667514366,4.533310039544087e-12,1.1867799378904649,1.227030491254253,1.8297253166345987e-11,1.4286895089214533,1.1237810650074562,4.7695942078147946e-12,0.9182323567340224,1.3503845105405705,2.6700953907021315e-12,0.9004794027700964,1.385458450315437,3.150634053448308e-12,0.9577488895882201,1.2904016184314766,18,5.0
1.3451153164155747e-12,1.3296451733195858,1.1370724023078256,1.556636479034673e-11,1.382968164630815,1.1129941834061243,9.382985410152384e-13,1.352316208990096,1.135081358342168,8.940812860683493e-12,1.353760916011039,1.1261350618499586,6.663580930511595e-13,1.3313156935100217,1.1032500417050215,7.181369151902197e-13,1.2889290177666277,1.1491167787317467,1.073274169503978e-12,1.3455030412038556,1.1280740217807201,1.901547212062659e-12,1.315327243334648,1.1484767473815733,3.9124707854024326e-12,1.3974175780978864,1.130195933315636,5.474690035501725e-11,1.3664581111169327,1.1216831241146767,1.568056561679319e-12,1.291894349182259,1.1638701985794826,1.0335987379997704e-11,1.3056760590270284,1.141222527543136,7.300994255982813e-13,1.3090401760684751,1.1491005382859347,1.2237177846917823e-12,1.2742599388191258,1.1718561775641552,7.857375377540338e-13,1.297729216555568,1.1469981987789548,6.604744457431489e-13,1.2661789204002802,1.1586347100695982,5.160787679666458e-13,1.2604834473403643,1.1450660605051255,19,8.0
8.642749174872567e-12,0.7144772857534464,1.421448200053375,9.803248839107226e-12,1.043793422806868,1.2361425639468442,7.569858482327768e-12,0.6732924180718428,1.5082562239654986,9.677286880784373e-12,0.6284485131849474,1.4987635048834056,1.823409986656857e-11,0.6051970406990629,1.5971679040139848,2.6870296895127638e-11,0.5818208363719702,1.7176873983920418,1.0294561456886045e-11,0.7160447947588326,1.5817516548068231,7.182037874500792e-12,0.7077741863433379,1.5563750109490242,3.978456324354094e-12,1.0215824374361426,1.3820102980658462,5.083082548630189e-12,1.0201180026155408,1.3136232038084055,4.458277945144223e-12,1.0370558384319126,1.3154082618615572,6.350969065764065e-12,0.6712678577012163,1.5611122338324288,5.181557335653556e-12,0.8980057153185285,1.4708911638817679,1.499444775246863e-11,0.615733370706157,1.6243515736262322,1.4215242289641807e-11,0.636878398254917,1.344675174586294,7.422221248065488e-12,0.6546235794111327,1.4200454799491538,1.926316398073304e-11,0.5990267946259813,1.7416629875725287,20,7.0
7.90025986905527e-12,1.2463265079457813,1.141375840096386,1.1933349513159952e-11,1.182732821076309,1.1722534829470064,4.303476600392838e-12,1.001027960017395,1.3299224866726589,5.1771820274819105e-12,0.9373124124739878,1.3536485291743297,6.803596227265271e-12,1.0795524130456853,1.3340061625314572,4.732334843296509e-12,1.0727174330350564,1.3341050568823485,7.788182489933185e-12,1.3045254503251198,1.1182067765981074,2.431334267594178e-11,1.3366645762833447,1.131711953990196,8.17760892756555e-12,1.3282968752772573,1.0953569067451823,9.494077246628314e-12,1.2927860278055243,1.0935115996641511,3.9311977259620825e-12,1.2212453625939295,1.1799397723340017,4.086396092769827e-12,1.152599612975364,1.2494528208172402,5.459349108046011e-12,1.2652148382746276,1.1445100499742467,3.851018478133675e-12,1.1784779678557364,1.2287223866258732,8.054962994202669e-12,0.715550420828937,1.451949186111625,8.113722527986202e-12,0.8872552396537223,1.3530242620149906,6.1001418224192536e-12,1.0870204921356859,1.3170530757394228,21,6.0
2.7149601522289836e-12,1.272985078483067,1.1189876899218982,8.492003747805676e-13,1.0334428643239908,1.3534949698512841,1.5971575797184442e-12,1.1985616652358226,1.1879090136100308,1.3903892066439171e-12,1.127582600311575,1.2564899470028232,3.349112540336631e-12,0.7217089285442002,1.816965573778211,4.080809695205659e-12,0.8923935228128349,1.6542846904010797,1.7585675501668458e-12,1.281021052422591,1.2150126790882056,1.2410393133939483e-12,1.2489657220846444,1.219229911961472,5.159405146878439e-12,1.3425463299364442,1.063631337081767,9.992117256855354e-13,1.205639675495594,1.1954316900816588,1.3171449541741804e-12,1.286092142489687,1.1475931826202013,9.030699739616946e-13,1.2295464653074466,1.1727016181493752,1.077068318483823e-12,1.3182772474378215,1.2008507629656242,1.2009310972411104e-12,1.1721564309903787,1.2485437505182215,1.1365104429778287e-12,0.861532222820984,1.5406599446633604,1.5498408449154222e-12,0.7767370914143915,1.6865165039539303,3.6624353053123934e-12,0.8528594954619194,1.7495500660943595,22,7.0
6.702835918144281e-12,1.3196595152369248,1.1078435931889232,1.973104537094341e-11,1.354555598369598,1.080658598323928,2.633906124865658e-12,1.164540326911571,1.2148224802378293,4.448307357560856e-12,1.2660791208253126,1.1707237704618714,4.632114736805986e-12,1.3137974219390705,1.1099012546402718,4.0402243683767576e-12,1.3170488081391354,1.1190822223385757,3.311120733974026e-11,1.3349975396328915,1.1481915034655907,1.0615669686030145e-11,1.351609174424312,1.1296397521381718,6.434609633431506e-12,1.3309622889184727,1.1167522773288032,1.1056728964047653e-11,1.3612698131380072,1.0935722981755431,4.4581459053228685e-12,1.2816276581242807,1.1582182505380356,6.633937095689233e-12,1.3791597208370492,1.1372783400884923,4.273133934488851e-12,1.313938890825305,1.1346013884989878,4.604553839518687e-12,1.329720758900965,1.1287930940250022,5.509323566558055e-12,1.2243843153958047,1.163806712938872,4.3679074465783406e-12,1.183567045519996,1.1924224256367215,3.73829002135113e-12,1.3058653739209356,1.1112432026853218,23,6.0
2.2549881840727193e-12,1.3086247841227447,1.1512315520045597,1.7773441633354956e-12,1.2935967939643067,1.1719136757995758,2.4591375991145106e-12,1.3220342435477337,1.1633640942219339,3.1299585284061485e-12,1.3146377903151325,1.1462741507647485,3.3021494548060487e-12,1.3440357066291722,1.1405108148852214,4.0019941374776414e-12,1.3620911763632733,1.08202796925733,2.5826062637819487e-11,1.3830444026100592,1.1277375237344296,1.785002756323854e-11,1.409835544712066,1.1194073958833233,4.21497429222916e-12,1.2776883234463978,1.1363897106118688,4.7435115537207456e-12,1.2264324568349365,1.169640122015131,4.187199247981782e-12,1.3707665085851775,1.1365425612778517,1.596644295653155e-11,1.3270865728512566,1.1391855562781885,7.059099229448038e-12,1.3712839497626839,1.1322523922171965,5.011179970529566e-12,1.4087128466396999,1.1203910690824452,1.2523446749208538e-12,1.2561286298796028,1.174812384961579,1.3015744446595037e-12,1.0806822176861222,1.2557828705849219,1.528484937911141e-12,1.1514740243495478,1.3098828836332104,24,9.0
1.6688384621304073e-11,1.3459455073228455,1.1747145227154965,6.906148396623163e-12,1.2102562213184298,1.2337363539355197,1.0061592114174588e-11,1.2942404267156382,1.1924259384629408,5.432655052897815e-12,1.121151203252658,1.2888680537856054,2.2150557877928826e-12,0.933596456450904,1.416399292226901,2.143546230596428e-12,1.0517524289087112,1.334090902046921,2.3308517964567162e-12,1.3363091094074249,1.1684280433051049,2.1079911944029366e-12,1.2602028727114345,1.2164024698760985,1.2045201241226167e-11,1.431898241876891,1.1342772721666403,8.772843238949293e-12,1.3710850562593238,1.1252186728130125,4.267434807907416e-12,1.3457125508483856,1.1717145768248156,6.3852850680509814e-12,1.2991878804992543,1.1852001160314676,1.9141588973918448e-12,1.3078201930604478,1.1882877257226492,1.6786514950648975e-12,1.1647934878927477,1.3030190526007976,3.4027506178913526e-12,1.0726371344087557,1.3570298632905846,2.9161033052321657e-12,0.9604706356037142,1.394176697639322,2.1965917306333183e-12,0.8747265439789006,1.4430354117856974,25,8.0
8.342769543535207e-12,1.3984012541584567,1.1411417267254034,6.536902918839849e-12,1.3733900216388886,1.1403414952780588,4.667471473857564e-12,1.3764393361502243,1.1598478887358523,3.158870236023061e-12,1.378596647910707,1.1431770306278994,1.2771266092859418e-12,1.0912426260403028,1.3306851062088834,1.204147968774645e-12,1.035245759125176,1.372223818951995,1.3921070424628587e-11,1.3176469050320867,1.0740194881504568,1.6390431808336827e-12,1.42076422843396,1.135647192998888,3.941492068223132e-12,1.4238814283170047,1.128421277073806,2.819592463135674e-12,1.4019631379607367,1.1427754909332926,3.2755452687286157e-12,1.360879107882575,1.152189366788551,8.516595366038115e-12,1.3979708794776173,1.12601945249847,1.7527610533868247e-12,1.2367950177682006,1.2394787481233631,1.5720647289938515e-12,1.3243240201979791,1.1735619215040216,1.0492782414398622e-12,1.1663156728164148,1.2578260737295512,1.1981643334501056e-12,1.044600973784764,1.3369258905994281,8.807291732299444e-13,1.0228934852009424,1.3634585946046796,26,0.0
4.1271494617278427e-11,1.4254426606641049,1.1185929640448846,2.1438856732720898e-11,1.3221706171649632,1.1539470203804036,2.91638771082938e-11,1.4404120479422233,1.1158621794593704,2.363221454085568e-11,1.4171956104123642,1.116001131214216,4.787637229891815e-12,1.0647573733532392,1.4126014719223472,8.03226745729128e-12,1.085493064981173,1.357370958438756,6.716120528886892e-12,1.0974802501150178,1.3756376908249643,6.631153458289772e-12,1.226621002045151,1.2794386842225587,3.10479012844431e-11,1.4388485161001323,1.1088715941387957,4.5819646697971704e-11,1.3958879108349411,1.1231408459401886,1.785897342391163e-11,1.4058855707270799,1.1232369508550812,6.24915346997714e-12,1.3058765706655444,1.1648107610237575,4.465035007506588e-12,1.219881874292539,1.2829223627165578,7.80837316415571e-12,1.1985728971356329,1.224321240335454,5.044843663323605e-12,1.1721542396558329,1.2818155868409489,4.402942258014985e-12,1.0547230210122864,1.3421576872962966,1.6387045565114125e-11,0.6819262049781577,1.7743232170118746,27,1.0
2.9858612756254454e-12,1.30317075356672,1.1958336465689643,2.945992222025001e-12,1.3267258060914644,1.1784030225312734,1.6455242861336403e-12,1.2398941272128101,1.2390481600850258,1.3799875009360773e-12,1.2166716650778695,1.26083076150354,7.014760709814623e-12,1.2134824667185176,1.306548380152733,1.0235514253567876e-11,1.0884286545474728,1.451758360464769,4.191351498646884e-12,1.3480219112842848,1.1739355299607679,2.936661394999888e-12,1.2606562455656416,1.242606853795532,3.123368994473624e-12,1.310459428177255,1.1876520313569057,3.908838306635689e-12,1.3585916728991763,1.1463742648444246,7.528045698136583e-12,1.2730666079287856,1.2192867179196771,1.6415743306764497e-12,1.2743837822750967,1.2257140449610764,2.436687323024414e-12,1.3383519329507734,1.1765638499220585,2.589706052101216e-12,1.1560992363875457,1.3451668813367077,2.8118432808735273e-12,1.1617978787526662,1.3212107629678371,1.2107217754364245e-12,1.1406027169873731,1.3143734044351167,1.2094688911526054e-11,1.0727030738579821,1.4565713885904905,30,3.0
2.499854354864945e-12,1.2386949374333238,1.108890193250492,2.37753972973422e-12,1.3128394414877518,1.0638501288878583,1.027478832161515e-12,1.2553652102578354,1.1187411134803988,1.1584641666833614e-12,1.1157875266182589,1.192534031187302,2.3513557147251947e-12,1.2717875022731033,1.0963693275610649,1.802827469677745e-12,1.2235345124096146,1.128751652292242,1.1127901667705425e-12,1.2388342473292469,1.1504160250091169,3.0651550362500233e-12,1.3126413652752598,1.1381217522594789,1.1033714695586113e-11,1.1456047234166138,1.167075639191989,8.606681112600518e-12,1.2558075369893011,1.1135839186883012,1.3346641271516858e-12,1.2279503253665556,1.1705128358937615,1.3379500943758157e-12,1.2138672575783358,1.1743411290108021,9.645318243751577e-13,1.227056730829155,1.1654728572702777,1.5057332220414176e-12,1.2168028259128791,1.1589618632099048,6.342807321747691e-13,1.1586023414449584,1.17445886490977,1.5551513671592177e-12,1.188495081496457,1.1469191653219994,1.6333496655641608e-12,1.1412426779865332,1.1834681154124003,31,9.0
4.311507780839522e-12,0.8386198105100471,1.4344715551411995,6.927759811634443e-12,0.96888686433264,1.3612218111686312,7.641076098478928e-12,0.773586377840533,1.3826307883063682,1.1881074225743467e-11,0.6994610650464141,1.4204183515379374,4.350426381285211e-12,0.8604757415472777,1.4639368611103882,7.685770359211389e-12,0.7428858304811737,1.4958621727820534,3.298433592880082e-12,1.1163143276472867,1.3051220211268968,8.652604210826283e-12,1.3408135549876765,1.1648596701091798,5.317680766858564e-12,1.2825907509764412,1.1374814728740879,1.113631839563298e-11,1.2862014296842865,1.0976464483002741,3.0877348368997078e-12,1.0539441174524835,1.3542255551167672,7.587726012940241e-12,0.9831622393149679,1.5412586264537271,4.07470309493459e-12,0.9268854165463415,1.4107974488296935,3.6190779120408913e-12,1.0683676494008154,1.3903908485741874,5.361822303057241e-12,0.7652657380470439,1.4432562968274556,4.3703894589392395e-12,0.7320752262876874,1.4200009720256956,4.801921253118496e-12,0.8595234289682517,1.4719094524268417,33,6.0
1.4927583445815272e-12,1.3207097588997412,1.104235698150304,2.428196290093114e-12,1.275055358021718,1.0996915778716405,8.571405902698044e-13,1.2345756554177714,1.1950519208823258,3.1353193649918994e-12,1.2687445806410598,1.1096452244765664,6.878985610585045e-13,0.9922769461880531,1.4498479376217586,9.816973538551682e-13,0.9220975909154276,1.5651223276329658,1.0305130334366707e-12,0.9021700343082252,1.5614790810689467,1.5318650769624365e-12,0.923512680166645,1.5352029855361906,4.696473380485836e-12,1.3784515398932882,1.0914877303440098,1.3640358006436119e-12,1.3044255722035916,1.1406067945407092,1.3002052502792878e-12,1.2686192388086157,1.162899931254203,2.1668070643658433e-12,1.2809841148060708,1.0946455171236387,2.2251037573552177e-12,0.8623671347702233,1.6603047246756681,2.3793397778021185e-12,0.7753163521070476,1.7658322683558443,1.191639858834275e-12,0.8545504787836545,1.5272864404721982,1.1095628901646428e-12,0.8355837710885683,1.5836125845309588,9.643220772022822e-13,0.9413938697927992,1.5484702579414091,35,2.0
1.0175241386397198e-11,1.290976549581659,1.11103079618771,7.0400736856083955e-12,1.294169584344781,1.158018329549053,1.984818700713508e-12,1.2778170113307306,1.1396268449073512,3.675567115389705e-12,1.3411308301982396,1.1284073418696279,1.8372784763923755e-12,1.0738964081080264,1.3090872632783122,2.446260269240342e-12,1.095756948171983,1.2664438769519895,1.3513812541893783e-11,1.3545198606631812,1.1255437918136504,7.893225207755584e-12,1.3064491838965178,1.1390851436798484,8.260577477131425e-12,1.3447558441295508,1.0665200969031514,1.399456101464678e-11,1.363782267863971,1.1361129110590062,2.8631266140188714e-12,1.2864681307671095,1.158113364489265,3.752079516306868e-12,1.2931763366342806,1.1401010405605518,3.72025988239744e-12,1.1725686404339646,1.2767020558064068,4.361805744014228e-12,0.9623160063802019,1.4001439157555455,2.677222240788895e-12,1.2064645954250248,1.1943145956587362,1.4093070164544196e-12,1.1298532575489333,1.2343267738611226,1.5285459439996416e-12,1.1646076314369647,1.203619871447805,37,0.0
3.3374371151312013e-12,1.2073653151607842,1.1501836360116697,1.8228781943552223e-12,1.0528732444364701,1.264589152043673,3.2065316684399022e-12,0.7092018253316051,1.6073829501135874,2.5964195760730505e-12,0.6805693781251821,1.5389296698312902,2.8779492068626953e-12,0.9995973666811847,1.3475469267637885,2.5707956547006705e-12,0.9306728788111563,1.3946033660597545,1.5907095740613852e-12,1.035412309925319,1.3537031186487651,2.0184816249379257e-12,0.9592844335568631,1.4268789173780538,2.7266818290070068e-12,1.263661105210039,1.1253374639903468,2.013487028212152e-12,1.1424175049909675,1.2394485834197781,3.718702640061086e-12,0.8290616815484058,1.5959348887401512,1.7758016791624552e-12,1.1050946442388974,1.2508372316910978,3.5032194274078486e-12,0.8237054507800052,1.6097535821112179,2.3626312780570046e-12,1.0039374862425403,1.3927500396110428,1.854876709716353e-12,1.0225642995467916,1.294184095354329,1.7675761822720865e-12,0.7914045239769988,1.4323446184266517,1.7453951253194335e-12,1.0576235683116062,1.2694623032162744,38,7.0
1.0656204501175677e-11,1.3032495544032299,1.140351351333281,8.25559555069728e-12,1.1518874757014814,1.2223219957858562,2.5291071205336995e-12,0.9870385276909859,1.357810218024354,5.014927316167455e-12,0.9047476113190966,1.4198431044121067,3.6236806008645707e-12,1.2114160272197556,1.1899039244533827,5.219298422864038e-12,1.2907117099362961,1.1241966039628035,6.0425990392114165e-12,1.2438168891043442,1.1960239734931066,3.825803811854069e-12,1.1969894200647309,1.229183770168068,7.257035157114006e-12,1.3247612698672167,1.1079848393548597,1.1874267590977521e-11,1.2602362448650388,1.142115641379041,3.034926750017993e-12,1.181584883504213,1.2462102557859829,3.627017028995647e-12,1.1517939076099182,1.26091727668276,4.7455397954199125e-12,1.2082265582069625,1.2150825575340034,4.2248119905426364e-12,1.1481669162285553,1.2561505564284996,7.437703720645404e-12,0.9279206999209526,1.3569209403932336,9.451647568938421e-12,0.7754860987875313,1.383276336031302,3.718023684956485e-12,1.1032579375635247,1.279583871916134,39,8.0
1.797231503815062e-12,1.096389506703187,1.2906834006121024,3.1913279503670286e-12,1.3069817778767243,1.1070252452491327,1.6537589542211435e-12,1.1493185635212149,1.2647543021968286,1.7615118584907861e-12,1.0839012271344337,1.294011114970025,1.1994439716995894e-12,1.2789291981886124,1.151769381703932,1.005928255724941e-12,1.2244177258903606,1.1860302171825023,2.607765991191655e-12,1.3359727533091394,1.127684937888158,2.3277865801632583e-12,1.3400126578043317,1.1262138676070987,2.4307654419247898e-12,1.291810080664209,1.1653155846393506,3.1306175517631484e-12,1.3135774261130428,1.1531486222488925,8.149539803168197e-12,1.3057181318414148,1.1487817227779515,2.4982051050457922e-11,1.3514901610759045,1.1345002411244576,2.8928727073311357e-12,1.3685009412873779,1.1368595492946971,2.376937719437638e-12,1.3639897361191522,1.140855669415845,1.2707103012576622e-12,1.0474352852238333,1.2978992063191739,9.39768784237935e-13,0.9833382989856392,1.345862497969694,8.946061662536436e-13,1.2110624011964852,1.160932478778696,40,4.0
1.0732660979955048e-11,0.8706101373457313,1.4507006856724356,1.3051794815194185e-11,0.7807815053095529,1.5318191621543034,9.163335545881681e-12,0.6222067657936009,1.640484989507139,8.820364521242039e-12,0.628257009775887,1.568461114538204,4.264390456438071e-11,0.5101653272386949,1.9343999877140394,6.3027093576128e-11,0.5097001689789681,1.8195145323124575,9.89901051901258e-12,1.2269368759592452,1.2407102318440235,1.4572679002274116e-11,0.6373724200913137,1.812263628501079,6.881435063278156e-12,0.9255081075141798,1.4658165030617738,7.109294090148608e-12,0.9705749821390206,1.4332109055421514,5.888031632720989e-12,0.8960120734176285,1.5764455550145366,6.493439355870956e-12,0.7280281517117262,1.6854397558640315,6.972594650577631e-12,0.8602658304464819,1.6004872404834447,6.645748448136922e-11,0.4768291638610467,1.8918695803037349,2.4436280180590013e-11,0.5244387761670106,1.6064364405635563,1.4879712298710364e-11,0.5460545917944346,1.5601423807750183,7.074928406715251e-11,0.4171180977858247,2.092026012298536,41,7.0
4.963407901871271e-12,1.3098488972785685,1.0937511533666082,1.6199564461066903e-12,1.1725622757961889,1.2086894685766165,1.5198678440784402e-12,1.2398242239068784,1.2059395236436417,1.8424350006648657e-12,1.2589687981958295,1.1337941427801994,3.7579256397814104e-12,1.3194664086242227,1.0885024290199303,4.2761765457929724e-12,1.2894170009156791,1.1147982198420168,6.4705233637693225e-12,1.3452843704035293,1.0951454065189021,6.0495786915858875e-12,1.3551395013378256,1.099165417049939,1.4944477236887362e-11,1.3498095094545004,1.0771870325601407,3.6259604523036426e-12,1.2840203797704777,1.1375009045282134,3.245043565899671e-11,1.342584101830817,1.1384062588164192,3.183691683968832e-12,1.2570593317715124,1.1550277790111239,6.415463720848564e-12,1.3642302025739186,1.1092596307040967,4.872127891013592e-12,1.299943532993225,1.1292478101605075,1.5164793000980662e-12,1.1663310144718764,1.2139380805995357,1.5682172045948978e-12,1.2512549471217949,1.1350296894888379,3.643151956000998e-12,1.3055310139631016,1.1016378826750604,43,6.0
